website,domain,agency,bureau,visits,pageviews,cloud.gov,cloud.gov pages,login.gov,search.gov,dap,touchpoints,uswds,cloud provider,CMS provider,login provider,has a login,has site search
9-11commission.gov,9-11commission.gov,National Archives and Records Administration,,,,,,,,,TRUE,,,,,,
911commission.gov,911commission.gov,National Archives and Records Administration,,,,,,,,,TRUE,,,,,,
aal.mil,aal.mil,Department of Defense,,20080.0,26214.0,,,,,TRUE,TRUE,,,,,,TRUE
vertex.aal.mil,aal.mil,Department of Defense,,289.0,382.0,,,,,TRUE,TRUE,,azurewebsites.us,,,,
abilityone.gov,abilityone.gov,United States AbilityOne Commission,Committee for Purchase From People Who Are Blind or Severely Disabled,,,,,,,,TRUE,TRUE,,,,,
plims.abilityone.gov,abilityone.gov,United States AbilityOne Commission,Committee for Purchase From People Who Are Blind or Severely Disabled,,,,,,,,TRUE,,,,,"[""\""password\""""]",TRUE
plimsvote.abilityone.gov,abilityone.gov,United States AbilityOne Commission,Committee for Purchase From People Who Are Blind or Severely Disabled,,,,,,,,TRUE,,,,login.microsoftonline.com,"["">Sign In<""]",
beta.access-board.gov,access-board.gov,Access Board,,349.0,5369.0,TRUE,TRUE,,,TRUE,TRUE,TRUE,cloud.gov,cloud.gov Pages,,,TRUE
ictbaseline.access-board.gov,access-board.gov,Access Board,,1911.0,7002.0,TRUE,TRUE,,,TRUE,TRUE,TRUE,cloud.gov,cloud.gov Pages,,,TRUE
cwpm.acf.gov,acf.gov,Department of Health and Human Services,Administration for Children and Families,8990.0,17045.0,,,,,TRUE,TRUE,TRUE,cloudfront.net,Drupal,,,TRUE
jira.acf.gov,acf.gov,Department of Health and Human Services,Administration for Children and Families,,,,,,,,,,amazonaws.com,,,,TRUE
liheapch.acf.gov,acf.gov,Department of Health and Human Services,Administration for Children and Families,,,,,,,,TRUE,,,Drupal,,,TRUE
liheappm.acf.gov,acf.gov,Department of Health and Human Services,Administration for Children and Families,,,,,,,,TRUE,,,Drupal,,,TRUE
ncsacw.acf.gov,acf.gov,Department of Health and Human Services,Administration for Children and Families,11153.0,16315.0,,,,,TRUE,TRUE,TRUE,cloudfront.net,,,,TRUE
acl.gov,acl.gov,Department of Health and Human Services,Administration for Community Living,110462.0,209897.0,,,,,TRUE,TRUE,TRUE,,Drupal,,,TRUE
agid.acl.gov,acl.gov,Department of Health and Human Services,Administration for Community Living,,,,,,,,TRUE,TRUE,azurefd.net,,,,TRUE
ak3.acl.gov,acl.gov,Department of Health and Human Services,Administration for Community Living,,,,,,,,,,azurefd.net,,,,
apstarc.acl.gov,acl.gov,Department of Health and Human Services,Administration for Community Living,,,,,,,,TRUE,TRUE,azurefd.net,,,,TRUE
dial.acl.gov,acl.gov,Department of Health and Human Services,Administration for Community Living,,,,,,,,TRUE,TRUE,azurefd.net,,,,
ejcc.acl.gov,acl.gov,Department of Health and Human Services,Administration for Community Living,,,,,,,,TRUE,TRUE,azurefd.net,,,,TRUE
eldercare.acl.gov,acl.gov,Department of Health and Human Services,Administration for Community Living,,,,,,,,TRUE,TRUE,azurefd.net,,,,
elderjustice.acl.gov,acl.gov,Department of Health and Human Services,Administration for Community Living,,,,,,,,TRUE,TRUE,azurefd.net,,,,TRUE
icdr.acl.gov,acl.gov,Department of Health and Human Services,Administration for Community Living,,,,,,,,TRUE,TRUE,azurefd.net,,,,TRUE
nadrc.acl.gov,acl.gov,Department of Health and Human Services,Administration for Community Living,,,,,,,,TRUE,TRUE,azurefd.net,,,,
naeji.acl.gov,acl.gov,Department of Health and Human Services,Administration for Community Living,,,,,,,,TRUE,TRUE,azurefd.net,,,,TRUE
namrs.acl.gov,acl.gov,Department of Health and Human Services,Administration for Community Living,,,,,,,,TRUE,TRUE,azurefd.net,,,,TRUE
natc.acl.gov,acl.gov,Department of Health and Human Services,Administration for Community Living,,,,,,,,TRUE,TRUE,azurefd.net,,,,TRUE
ncapps.acl.gov,acl.gov,Department of Health and Human Services,Administration for Community Living,566.0,1110.0,,,,,TRUE,TRUE,,azurefd.net,,,,
ncea.acl.gov,acl.gov,Department of Health and Human Services,Administration for Community Living,,,,,,,,TRUE,TRUE,azurefd.net,,,,TRUE
ncler.acl.gov,acl.gov,Department of Health and Human Services,Administration for Community Living,,,,,,,,TRUE,TRUE,azurefd.net,,,,TRUE
norc.acl.gov,acl.gov,Department of Health and Human Services,Administration for Community Living,,,,,,,,TRUE,TRUE,azurefd.net,,,,TRUE
nwd.acl.gov,acl.gov,Department of Health and Human Services,Administration for Community Living,2171.0,3935.0,,,,,TRUE,TRUE,,azurefd.net,,,,
oaaps.acl.gov,acl.gov,Department of Health and Human Services,Administration for Community Living,,,,,,,,TRUE,,azurefd.net,,,,
oaaps-pilot.acl.gov,acl.gov,Department of Health and Human Services,Administration for Community Living,,,,,,,,TRUE,,azurefd.net,,,,
olderindians.acl.gov,acl.gov,Department of Health and Human Services,Administration for Community Living,,,,,,,,TRUE,TRUE,azurefd.net,,,,TRUE
portal.acl.gov,acl.gov,Department of Health and Human Services,Administration for Community Living,,,,,,,,TRUE,,amazonaws.com,,,"[""\""password\"""",""showpassword""]",
sirs.acl.gov,acl.gov,Department of Health and Human Services,Administration for Community Living,,,,,,,,,,,,,,
smpship.acl.gov,acl.gov,Department of Health and Human Services,Administration for Community Living,,,,,,,,,,,,,"[""\""password\"""",""type=\""password\""""]",
stars.acl.gov,acl.gov,Department of Health and Human Services,Administration for Community Living,,,,,,,,,,,,,,
uatsirs.acl.gov,acl.gov,Department of Health and Human Services,Administration for Community Living,,,,,,,,,,,,,,
uatsmpship.acl.gov,acl.gov,Department of Health and Human Services,Administration for Community Living,,,,,,,,,,,,,"[""\""password\"""",""type=\""password\""""]",
uatstars.acl.gov,acl.gov,Department of Health and Human Services,Administration for Community Living,,,,,,,,,,,,,,
weaad.acl.gov,acl.gov,Department of Health and Human Services,Administration for Community Living,58.0,137.0,,,,,TRUE,TRUE,,azurefd.net,,,,
acquisitiongateway.gov,acquisitiongateway.gov,General Services Administration,Federal Acquisition Service,56661.0,134134.0,,,,,TRUE,TRUE,TRUE,amazonaws.com,,,,TRUE
acquisition.gov,acquisition.gov,General Services Administration,Office of GSA IT,1000592.0,2569660.0,,,,,TRUE,TRUE,,,Drupal,,,
login.acquisition.gov,acquisition.gov,General Services Administration,Office of GSA IT,2441.0,7259.0,,,,,TRUE,TRUE,,,Drupal,,,
ada.gov,ada.gov,Department of Justice,Civil Rights Division,395205.0,523189.0,,TRUE,,,TRUE,TRUE,TRUE,,cloud.gov Pages,,,TRUE
archive.ada.gov,ada.gov,Department of Justice,Civil Rights Division,43860.0,68656.0,TRUE,TRUE,,True,TRUE,TRUE,,cloud.gov,cloud.gov Pages,,,TRUE
adams.gov,adams.gov,Adams Memorial Commission,,,,,,,,,TRUE,,awsglobalaccelerator.com,,,,
adf.gov,adf.gov,United States African Development Foundation,African Development Foundation,,,,,,,,TRUE,,amazonaws.com,Drupal,,,
afadvantage.gov,afadvantage.gov,General Services Administration,Federal Acquisition Service,4655.0,28064.0,,,,,TRUE,TRUE,,,,,,
aff.gov,aff.gov,Department of Agriculture,,84234.0,231220.0,,,,,TRUE,TRUE,,,,,,
afcca.law.af.mil,af.mil,Department of Defense,Air Force,,,,,,True,,TRUE,,edgekey.net,,,,TRUE
aflegalassistance.law.af.mil,af.mil,Department of Defense,Air Force,,,,,,,,,,,,,,
afrba-portal.cce.af.mil,af.mil,Department of Defense,Air Force,10374.0,13730.0,,,,,TRUE,TRUE,,akamaitechnologies.com,,,,TRUE
afsas.safety.af.mil,af.mil,Department of Defense,Air Force,,,,,,,,,,,,,,
afvec.us.af.mil,af.mil,Department of Defense,Air Force,,,,,,,,TRUE,,,,,,
aiportal.us.af.mil,af.mil,Department of Defense,Air Force,,,,,,,,TRUE,,,,,,
armyignited.cce.af.mil,af.mil,Department of Defense,Air Force,,,,,,,,,,akamaitechnologies.com,,,,
boards.law.af.mil,af.mil,Department of Defense,Air Force,,,,,,,,,,edgekey.net,,,,
cloudone.af.mil,af.mil,Department of Defense,Air Force,,,,,,,,TRUE,,akamaitechnologies.com,,,,
digitalu.af.mil,af.mil,Department of Defense,Air Force,,,,,,,,TRUE,,akamaitechnologies.com,,,,
federation.prod.cce.af.mil,af.mil,Department of Defense,Air Force,,,,,,,,TRUE,,,,,"[""\""password\"""",""type=\""password\""""]",
legalassistance.law.af.mil,af.mil,Department of Defense,Air Force,,,,,,,,,,edgekey.net,,,,TRUE
mobile.af.mil,af.mil,Department of Defense,Air Force,,,,,,,,TRUE,TRUE,akamaitechnologies.com,WordPress,,,
myairforcebenefits.us.af.mil,af.mil,Department of Defense,Air Force,,,,,,,,TRUE,,,,,,TRUE
myfss.us.af.mil,af.mil,Department of Defense,Air Force,,,,,,,,,,,,,,
myvector.us.af.mil,af.mil,Department of Defense,Air Force,,,,,,,,,,,,,,
saferep.safety.af.mil,af.mil,Department of Defense,Air Force,,,,,,,,TRUE,,amazonaws.com,,,,
software.af.mil,af.mil,Department of Defense,Air Force,1850.0,2725.0,,,,,TRUE,TRUE,,amazonaws.com,,,,TRUE
afn.mil,afn.mil,Department of Defense,,16881.0,21965.0,,,,,TRUE,TRUE,,,DNN,,,TRUE
apps.tucson.ars.ag.gov,ag.gov,Department of Agriculture,,,,,,,,,TRUE,,,,,,
agingstats.gov,agingstats.gov,Department of Health and Human Services,Administration for Community Living,788.0,1879.0,,,,,TRUE,TRUE,,,,,,TRUE
acts.ahrq.gov,ahrq.gov,Department of Health and Human Services,Agency for Healthcare Research and Quality,,,,,,,,,,amazonaws.com,,,"[""\""password\"""",""type=\""password\""""]",
dam.ahrq.gov,ahrq.gov,Department of Health and Human Services,Agency for Healthcare Research and Quality,,,,,,,,TRUE,,cloudfront.net,,,"[""\""password\"""",""Forgot your Password?"",""type=\""password\""""]",
datatools.ahrq.gov,ahrq.gov,Department of Health and Human Services,Agency for Healthcare Research and Quality,12228.0,26245.0,,,,True,TRUE,TRUE,,cloudfront.net,WordPress,,,TRUE
dataviz.ahrq.gov,ahrq.gov,Department of Health and Human Services,Agency for Healthcare Research and Quality,,,,,,,,,,cloudfront.net,,,,
digital.ahrq.gov,ahrq.gov,Department of Health and Human Services,Agency for Healthcare Research and Quality,133126.0,141683.0,,,,,TRUE,TRUE,,amazonaws.com,Drupal,,,TRUE
docs.ahrq.gov,ahrq.gov,Department of Health and Human Services,Agency for Healthcare Research and Quality,,,,,,,,,,,,,"[""\""password\"""",""type=\""password\""""]",
epc-src.ahrq.gov,ahrq.gov,Department of Health and Human Services,Agency for Healthcare Research and Quality,,,,,,,,,,,,,,
evidence.ahrq.gov,ahrq.gov,Department of Health and Human Services,Agency for Healthcare Research and Quality,,,,,,,,,,amazonaws.com,,,"[""\""password\"""",""type=\""password\""""]",
filecloud.ahrq.gov,ahrq.gov,Department of Health and Human Services,Agency for Healthcare Research and Quality,,,,,,,,,,,,,,
hcup-ts.ahrq.gov,ahrq.gov,Department of Health and Human Services,Agency for Healthcare Research and Quality,324.0,345.0,,,,,TRUE,TRUE,,amazonaws.com,,,,TRUE
hcup-us.ahrq.gov,ahrq.gov,Department of Health and Human Services,Agency for Healthcare Research and Quality,38081.0,67218.0,,,,,TRUE,TRUE,,amazonaws.com,,,,TRUE
id.ahrq.gov,ahrq.gov,Department of Health and Human Services,Agency for Healthcare Research and Quality,,,,,,,,TRUE,,amazonaws.com,,,"[""\""password\"""",""showpassword""]",
integrationacademy.ahrq.gov,ahrq.gov,Department of Health and Human Services,Agency for Healthcare Research and Quality,16051.0,35045.0,,,,True,TRUE,TRUE,,cloudfront.net,Drupal,,,TRUE
journal.ahrq.gov,ahrq.gov,Department of Health and Human Services,Agency for Healthcare Research and Quality,,,,,,,,TRUE,,cloudfront.net,,,"[""\""password\"""",""Forgot your Password?"",""type=\""password\""""]",
meps.ahrq.gov,ahrq.gov,Department of Health and Human Services,Agency for Healthcare Research and Quality,606935.0,622192.0,,,,True,TRUE,TRUE,,amazonaws.com,,,,TRUE
mobile.ahrq.gov,ahrq.gov,Department of Health and Human Services,Agency for Healthcare Research and Quality,,,,,,,,,,,,,,
ocdashboard.ahrq.gov,ahrq.gov,Department of Health and Human Services,Agency for Healthcare Research and Quality,,,,,,,,TRUE,,cloudfront.net,,,"[""\""password\"""",""Forgot your Password?"",""type=\""password\""""]",
pcornomination.ahrq.gov,ahrq.gov,Department of Health and Human Services,Agency for Healthcare Research and Quality,,,,,,,,TRUE,,,,,,
pcornominationtest.ahrq.gov,ahrq.gov,Department of Health and Human Services,Agency for Healthcare Research and Quality,,,,,,,,TRUE,,,,,,
psnet.ahrq.gov,ahrq.gov,Department of Health and Human Services,Agency for Healthcare Research and Quality,215708.0,243953.0,,,,,TRUE,TRUE,,cloudfront.net,Drupal,,"[""\""password\"""",""showpassword"",""type=\""password\""""]",TRUE
qualityindicators.ahrq.gov,ahrq.gov,Department of Health and Human Services,Agency for Healthcare Research and Quality,21832.0,33641.0,,,,,TRUE,TRUE,,cloudfront.net,,,,TRUE
search.ahrq.gov,ahrq.gov,Department of Health and Human Services,Agency for Healthcare Research and Quality,33.0,48.0,,,,True,,TRUE,,cloudfront.net,,,,TRUE
sites.ahrq.gov,ahrq.gov,Department of Health and Human Services,Agency for Healthcare Research and Quality,,,,,,,,,,,,,,
view2.ahrq.gov,ahrq.gov,Department of Health and Human Services,Agency for Healthcare Research and Quality,,,,,,,,,,,,,,
view.ahrq.gov,ahrq.gov,Department of Health and Human Services,Agency for Healthcare Research and Quality,,,,,,,,,,,,,,
aiexports.gov,aiexports.gov,Department of Commerce,International Trade Administration,,,,,,,,,,cloudfront.net,,,,
ai.gov,ai.gov,Executive Office of the President,Office of Science and Technology Policy,2.0,2.0,,,,,,TRUE,,,WordPress,,,
airknowledge.gov,airknowledge.gov,Environmental Protection Agency,,4525.0,12508.0,,,,True,TRUE,TRUE,,,,,,TRUE
espanol.airnow.gov,airnow.gov,Environmental Protection Agency,,1601.0,3234.0,TRUE,,,True,TRUE,TRUE,,cloud.gov,Drupal,,,TRUE
fire.airnow.gov,airnow.gov,Environmental Protection Agency,,423212.0,541566.0,TRUE,,,,TRUE,TRUE,,cloud.gov,,,,
humo.airnow.gov,airnow.gov,Environmental Protection Agency,,38.0,214.0,TRUE,,,,,,,cloud.gov,,,,
mobilefire.airnow.gov,airnow.gov,Environmental Protection Agency,,38198.0,40853.0,TRUE,,,,TRUE,TRUE,,cloud.gov,,,,
smoke.airnow.gov,airnow.gov,Environmental Protection Agency,,54.0,318.0,TRUE,,,,,,,cloud.gov,,,,
americabydesign.gov,americabydesign.gov,Executive Office of the President,White House Office,,,,,,,,TRUE,,,,,,
archive-share.america.gov,america.gov,Department of State,Bureau of Global Public Affairs,3964.0,4032.0,,,,,TRUE,TRUE,,cloudfront.net,WordPress,,,TRUE
courses.america.gov,america.gov,Department of State,Bureau of Global Public Affairs,,,,,,,,TRUE,,cloudflare.net,,,,
e.america.gov,america.gov,Department of State,Bureau of Global Public Affairs,,,,,,,,TRUE,,amazonaws.com,,,,
share.america.gov,america.gov,Department of State,Bureau of Global Public Affairs,74042.0,91199.0,,,,True,TRUE,TRUE,TRUE,cloudfront.net,WordPress,,,TRUE
data.americorps.gov,americorps.gov,Corporation for National and Community Service,AmeriCorps,3099.0,6492.0,,,,,TRUE,TRUE,TRUE,amazonaws.com,,,"[""\""password\"""","">Sign In<""]",TRUE
my.americorps.gov,americorps.gov,Corporation for National and Community Service,AmeriCorps,232905.0,1763882.0,,,,,TRUE,TRUE,,azurefd.us,,,"[""\""password\"""",""Forgot your Password?"",""type=\""password\""""]",
promote.americorps.gov,americorps.gov,Corporation for National and Community Service,AmeriCorps,,,,,,,,TRUE,TRUE,,Drupal,,"[""Create Account""]",
questions.americorps.gov,americorps.gov,Corporation for National and Community Service,AmeriCorps,16627.0,23907.0,,,,,TRUE,TRUE,,,,,"[""\""password\"""",""type=\""password\""""]",TRUE
americorpsoig.gov,americorpsoig.gov,Corporation for National and Community Service,AmeriCorps Office of Inspector General,,,,,,,,TRUE,TRUE,,Drupal,,,TRUE
al-iproxy.ameslab.gov,ameslab.gov,Department of Energy,Ames National Laboratory,,,,,,,,,,,,,,
amtrakoig.gov,amtrakoig.gov,"National Railroad Passenger Corporation, Office of Inspector General",,,,,,,,,TRUE,,amazonaws.com,Drupal,,,TRUE
anchorit.gov,anchorit.gov,Consumer Product Safety Commission,,,,,,,,,TRUE,,akamaitechnologies.com,WordPress,,,
apsdtn01.aps.anl.gov,anl.gov,Department of Energy,Argonne National Laboratory,,,,,,,,,,,,,,
apsdtn501-alcf.aps.anl.gov,anl.gov,Department of Energy,Argonne National Laboratory,,,,,,,,,,,,,,
apsdtn501.aps.anl.gov,anl.gov,Department of Energy,Argonne National Laboratory,,,,,,,,,,,,,,
damson.ls.aps.anl.gov,anl.gov,Department of Energy,Argonne National Laboratory,,,,,,,,TRUE,,,,,,
delos.aps.anl.gov,anl.gov,Department of Energy,Argonne National Laboratory,,,,,,,,,,,,,,TRUE
eicweb.phy.anl.gov,anl.gov,Department of Energy,Argonne National Laboratory,,,,,,,,,,,,,"[""\""password\"""",""\""user_password\""""]",
electabuzz.ls.aps.anl.gov,anl.gov,Department of Energy,Argonne National Laboratory,,,,,,,,,,,,,,
filesender.egs.anl.gov,anl.gov,Department of Energy,Argonne National Laboratory,,,,,,,,,,,,,,
git.aps.anl.gov,anl.gov,Department of Energy,Argonne National Laboratory,,,,,,,,,,,,,"[""\""password\"""",""\""user_password\"""",""Forgot your Password?"",""type=\""password\""""]",
git-d.aps.anl.gov,anl.gov,Department of Energy,Argonne National Laboratory,,,,,,,,,,,,,"[""\""password\"""",""\""user_password\"""",""Forgot your Password?"",""type=\""password\""""]",
gitlab.phy.anl.gov,anl.gov,Department of Energy,Argonne National Laboratory,,,,,,,,,,,,,"[""\""password\"""",""\""user_password\""""]",
ionia.aps.anl.gov,anl.gov,Department of Energy,Argonne National Laboratory,,,,,,,,,,,,,,TRUE
libanswers.anl.gov,anl.gov,Department of Energy,Argonne National Laboratory,,,,,,,,TRUE,,amazonaws.com,,,,TRUE
libguides.anl.gov,anl.gov,Department of Energy,Argonne National Laboratory,,,,,,,,TRUE,,amazonaws.com,,,,TRUE
lists.alcf.anl.gov,anl.gov,Department of Energy,Argonne National Laboratory,,,,,,,,,,,,,,
lists.bio.anl.gov,anl.gov,Department of Energy,Argonne National Laboratory,,,,,,,,,,,,,,
lists.cels.anl.gov,anl.gov,Department of Energy,Argonne National Laboratory,,,,,,,,,,,,,,
lists.cps.anl.gov,anl.gov,Department of Energy,Argonne National Laboratory,,,,,,,,,,,,,,
lists.dsl.anl.gov,anl.gov,Department of Energy,Argonne National Laboratory,,,,,,,,,,,,,,
lists.extremecomputingtraining.anl.gov,anl.gov,Department of Energy,Argonne National Laboratory,,,,,,,,,,,,,,
lists.jlse.anl.gov,anl.gov,Department of Energy,Argonne National Laboratory,,,,,,,,,,,,,,
lists.mcs.anl.gov,anl.gov,Department of Energy,Argonne National Laboratory,,,,,,,,,,,,,,
login.anl.gov,anl.gov,Department of Energy,Argonne National Laboratory,,,,,,,,,,,,,,
login-dr.anl.gov,anl.gov,Department of Energy,Argonne National Laboratory,,,,,,,,,,,,,,
lrlcatconnect.sgx.aps.anl.gov,anl.gov,Department of Energy,Argonne National Laboratory,,,,,,,,,,,,,,
ls.aps.anl.gov,anl.gov,Department of Energy,Argonne National Laboratory,,,,,,,,,,,,,,
metis.aps.anl.gov,anl.gov,Department of Energy,Argonne National Laboratory,,,,,,,,,,,,,,TRUE
millenia.cars.aps.anl.gov,anl.gov,Department of Energy,Argonne National Laboratory,,,,,,,,,,,,,,
ops.aps.anl.gov,anl.gov,Department of Energy,Argonne National Laboratory,,,,,,,,,,,,,,
ops-d.aps.anl.gov,anl.gov,Department of Energy,Argonne National Laboratory,,,,,,,,,,,,,,
p3-rr-1.mcs.anl.gov,anl.gov,Department of Energy,Argonne National Laboratory,,,,,,,,,,,,,,
p3-rr-2.mcs.anl.gov,anl.gov,Department of Energy,Argonne National Laboratory,,,,,,,,,,,,,,
pinky.bio.aps.anl.gov,anl.gov,Department of Energy,Argonne National Laboratory,,,,,,,,,,,,,,TRUE
remotesupport.anl.gov,anl.gov,Department of Energy,Argonne National Laboratory,,,,,,,,,,,,,,
subversion-d.xray.aps.anl.gov,anl.gov,Department of Energy,Argonne National Laboratory,,,,,,,,,,,,,,
subversion.xray.aps.anl.gov,anl.gov,Department of Energy,Argonne National Laboratory,,,,,,,,,,,,,,
sun1.ser.aps.anl.gov,anl.gov,Department of Energy,Argonne National Laboratory,,,,,,,,,,,,,,
support.nst.anl.gov,anl.gov,Department of Energy,Argonne National Laboratory,,,,,,,,,,,,,,
svn-d.aps.anl.gov,anl.gov,Department of Energy,Argonne National Laboratory,,,,,,,,,,,,orcid,,
tantalum.nec.aps.anl.gov,anl.gov,Department of Energy,Argonne National Laboratory,,,,,,,,TRUE,,,,,"[""\""password\"""",""\""user_password\""""]",
tcs.anl.gov,anl.gov,Department of Energy,Argonne National Laboratory,,,,,,,,TRUE,,,WordPress,,,TRUE
tomato.dnd.aps.anl.gov,anl.gov,Department of Energy,Argonne National Laboratory,,,,,,,,,,,,,,
tomato.ls.aps.anl.gov,anl.gov,Department of Energy,Argonne National Laboratory,,,,,,,,,,,,,,
visa.aps.anl.gov,anl.gov,Department of Energy,Argonne National Laboratory,,,,,,,,,,,,,"[""\""password\""""]",
aoc.gov,aoc.gov,Architect of the Capitol,,,,,,,,,TRUE,,,Drupal,,,TRUE
apprenticeship.gov,apprenticeship.gov,Department of Labor,,320843.0,886926.0,,,,True,TRUE,TRUE,TRUE,cloudfront.net,Drupal,,,TRUE
forms.osi.apps.mil,apps.mil,Department of Defense,,,,,,,,,TRUE,,akadns.net,,,,TRUE
safe.apps.mil,apps.mil,Department of Defense,,,,,,,,,,,,,,,
arc.gov,arc.gov,Appalachian Regional Commission,,1.0,1.0,,,,,,TRUE,,,WordPress,,"[""\""password\""""]",TRUE
pathways.arc.gov,arc.gov,Appalachian Regional Commission,,,,,,,,,TRUE,,amazonaws.com,,,"[""\""password\"""",""type=\""password\""""]",
1950census.archives.gov,archives.gov,National Archives and Records Administration,,34841.0,276003.0,,,,,TRUE,TRUE,,cloudfront.net,,,,
annotation.blogs.archives.gov,archives.gov,National Archives and Records Administration,,702.0,3247.0,,,,,TRUE,TRUE,,amazonaws.com,WordPress,,,TRUE
aotus11.blogs.archives.gov,archives.gov,National Archives and Records Administration,,502.0,534.0,,,,,TRUE,TRUE,,amazonaws.com,WordPress,,,TRUE
aotus.blogs.archives.gov,archives.gov,National Archives and Records Administration,,10803.0,14335.0,,,,,TRUE,TRUE,,amazonaws.com,WordPress,,,TRUE
archie.archives.gov,archives.gov,National Archives and Records Administration,,36.0,60.0,,,,,TRUE,TRUE,,cloudfront.net,,,,
archives.gov,archives.gov,National Archives and Records Administration,,2773450.0,5306350.0,,,,True,TRUE,TRUE,,amazonaws.com,,,,TRUE
arcis.archives.gov,archives.gov,National Archives and Records Administration,,,,,,,,,,,,,,"[""Forgot your Password?""]",
bidenwhitehouse.archives.gov,archives.gov,National Archives and Records Administration,,69464.0,96641.0,,,,,TRUE,TRUE,,cloudfront.net,WordPress,,,TRUE
catalog.archives.gov,archives.gov,National Archives and Records Administration,,1778905.0,16657887.0,,,,,TRUE,TRUE,,cloudfront.net,,,,TRUE
civics.archives.gov,archives.gov,National Archives and Records Administration,,1739.0,5281.0,,,,,TRUE,TRUE,,cloudfront.net,Drupal,,,TRUE
clintonwhitehouse3.archives.gov,archives.gov,National Archives and Records Administration,,14476.0,20403.0,,,,,TRUE,TRUE,,amazonaws.com,,,,
clintonwhitehouse4.archives.gov,archives.gov,National Archives and Records Administration,,17190.0,22683.0,,,,,TRUE,TRUE,,amazonaws.com,,,,TRUE
clintonwhitehouse5.archives.gov,archives.gov,National Archives and Records Administration,,15565.0,18997.0,,,,,TRUE,TRUE,,amazonaws.com,,,,TRUE
clintonwhitehouse6.archives.gov,archives.gov,National Archives and Records Administration,,5225.0,8837.0,,,,,TRUE,TRUE,,amazonaws.com,,,,
cmrsanalytics.archives.gov,archives.gov,National Archives and Records Administration,,,,,,,,,,,,,,"[""\""password\"""","">Sign In<"",""type=\""password\""""]",
crcca.archives.gov,archives.gov,National Archives and Records Administration,,827.0,2155.0,,,,,TRUE,TRUE,,cloudfront.net,Drupal,,,TRUE
crisisnextdoor.trumpwhitehouse.archives.gov,archives.gov,National Archives and Records Administration,,146.0,243.0,,,,,TRUE,TRUE,,cloudfront.net,WordPress,,,
declassification.blogs.archives.gov,archives.gov,National Archives and Records Administration,,1406.0,3855.0,,,,,TRUE,TRUE,,amazonaws.com,WordPress,,,TRUE
education.blogs.archives.gov,archives.gov,National Archives and Records Administration,,6946.0,10153.0,,,,,TRUE,TRUE,,amazonaws.com,WordPress,,,TRUE
eservices.archives.gov,archives.gov,National Archives and Records Administration,,29305.0,242938.0,,,,,TRUE,TRUE,,,,,,
estore.archives.gov,archives.gov,National Archives and Records Administration,,,,,,,,,,,,,,,
fdr.blogs.archives.gov,archives.gov,National Archives and Records Administration,,15714.0,18784.0,,,,,TRUE,TRUE,,amazonaws.com,WordPress,,,TRUE
fixity-check.blogs.archives.gov,archives.gov,National Archives and Records Administration,,398.0,682.0,,,,,TRUE,TRUE,,amazonaws.com,WordPress,,,TRUE
foia.blogs.archives.gov,archives.gov,National Archives and Records Administration,,4292.0,6786.0,,,,,TRUE,TRUE,,amazonaws.com,WordPress,,,TRUE
ford.blogs.archives.gov,archives.gov,National Archives and Records Administration,,1726.0,2052.0,,,,,TRUE,TRUE,,amazonaws.com,WordPress,,"[""\""password\"""",""type=\""password\""""]",TRUE
founders.archives.gov,archives.gov,National Archives and Records Administration,,127590.0,344265.0,,,,,TRUE,TRUE,,cloudfront.net,,,,TRUE
georgewbush-whitehouse.archives.gov,archives.gov,National Archives and Records Administration,,177584.0,229484.0,,,,True,TRUE,TRUE,,amazonaws.com,,,,TRUE
hoover.archives.gov,archives.gov,National Archives and Records Administration,,18118.0,32962.0,,,,,TRUE,TRUE,,cloudfront.net,Drupal,,,TRUE
hoover.blogs.archives.gov,archives.gov,National Archives and Records Administration,,13831.0,16616.0,,,,,TRUE,TRUE,,amazonaws.com,WordPress,,,TRUE
isoo.blogs.archives.gov,archives.gov,National Archives and Records Administration,,3263.0,5798.0,,,,,TRUE,TRUE,,amazonaws.com,WordPress,,,TRUE
isoo-overview.blogs.archives.gov,archives.gov,National Archives and Records Administration,,1590.0,3636.0,,,,,TRUE,TRUE,,amazonaws.com,WordPress,,,TRUE
jfk.blogs.archives.gov,archives.gov,National Archives and Records Administration,,4534.0,8450.0,,,,,TRUE,TRUE,,amazonaws.com,WordPress,,"[""\""password\"""",""type=\""password\""""]",TRUE
jfklibrary.archives.gov,archives.gov,National Archives and Records Administration,,501.0,718.0,,,,,TRUE,TRUE,,cloudfront.net,,,,
lbjlibrary.archives.gov,archives.gov,National Archives and Records Administration,,293.0,502.0,,,,,TRUE,TRUE,,cloudfront.net,,,,
letsmove.obamawhitehouse.archives.gov,archives.gov,National Archives and Records Administration,,5354.0,12361.0,,,,True,TRUE,TRUE,,cloudfront.net,Drupal,,,TRUE
milrecs.archives.gov,archives.gov,National Archives and Records Administration,,,,,,,,,,,amazonaws.com,,,,
narations.blogs.archives.gov,archives.gov,National Archives and Records Administration,,4163.0,7492.0,,,,,TRUE,TRUE,,amazonaws.com,WordPress,,,TRUE
obamalibrary.archives.gov,archives.gov,National Archives and Records Administration,,709.0,2251.0,,,,,TRUE,TRUE,,cloudfront.net,Drupal,,,TRUE
obamawhitehouse.archives.gov,archives.gov,National Archives and Records Administration,,1535453.0,1567303.0,,,,True,TRUE,TRUE,,cloudfront.net,,,,TRUE
open.obamawhitehouse.archives.gov,archives.gov,National Archives and Records Administration,,464.0,1307.0,,,,,TRUE,TRUE,,cloudfront.net,Drupal,,,TRUE
petitions.obamawhitehouse.archives.gov,archives.gov,National Archives and Records Administration,,2259.0,5613.0,,,,,TRUE,TRUE,,cloudfront.net,Drupal,,"["">Sign In<""]",
petitions.trumpwhitehouse.archives.gov,archives.gov,National Archives and Records Administration,,793.0,2751.0,,,,,TRUE,TRUE,,cloudfront.net,Drupal,,"["">Sign In<""]",
prologue.blogs.archives.gov,archives.gov,National Archives and Records Administration,,61247.0,67837.0,,,,,TRUE,TRUE,,amazonaws.com,WordPress,,,TRUE
qaarcis.archives.gov,archives.gov,National Archives and Records Administration,,,,,,,,,,,,,,"[""Forgot your Password?""]",
qaorderonline.archives.gov,archives.gov,National Archives and Records Administration,,,,,,,,,,,,,,,
reach.archives.gov,archives.gov,National Archives and Records Administration,,,,,,,,,TRUE,,,,,"["">Sign In<"",""Create Account""]",
reagan.blogs.archives.gov,archives.gov,National Archives and Records Administration,,6052.0,8908.0,,,,,TRUE,TRUE,,amazonaws.com,WordPress,,,TRUE
reaganlibrary.archives.gov,archives.gov,National Archives and Records Administration,,226.0,1490.0,,,,,TRUE,TRUE,,cloudfront.net,Drupal,,,TRUE
records-express.blogs.archives.gov,archives.gov,National Archives and Records Administration,,4064.0,6943.0,,,,,TRUE,TRUE,,amazonaws.com,WordPress,,,TRUE
rediscovering-black-history.blogs.archives.gov,archives.gov,National Archives and Records Administration,,13696.0,17257.0,,,,,TRUE,TRUE,,amazonaws.com,WordPress,,,TRUE
situationroom.archives.gov,archives.gov,National Archives and Records Administration,,1027.0,1833.0,,,,,TRUE,TRUE,,cloudfront.net,Drupal,,,
text-message.blogs.archives.gov,archives.gov,National Archives and Records Administration,,33036.0,36447.0,,,,,TRUE,TRUE,,amazonaws.com,WordPress,,,TRUE
training.archives.gov,archives.gov,National Archives and Records Administration,,3.0,109.0,,,,,,TRUE,,amazonaws.com,,,"[""\""password\"""",""type=\""password\""""]",
transfer.archives.gov,archives.gov,National Archives and Records Administration,,2.0,2.0,,,,,,,,,,,"[""\""password\""""]",
transforming-classification.blogs.archives.gov,archives.gov,National Archives and Records Administration,,1805.0,4578.0,,,,,TRUE,TRUE,,amazonaws.com,WordPress,,,TRUE
trumpwhitehouse.archives.gov,archives.gov,National Archives and Records Administration,,198858.0,259235.0,,,,,TRUE,TRUE,,cloudfront.net,WordPress,,,TRUE
unwritten-record.blogs.archives.gov,archives.gov,National Archives and Records Administration,,19342.0,24326.0,,,,,TRUE,TRUE,,amazonaws.com,WordPress,,,TRUE
vetrecs.archives.gov,archives.gov,National Archives and Records Administration,,3.0,4.0,,,,,,TRUE,,amazonaws.com,,,,
visit.archives.gov,archives.gov,National Archives and Records Administration,,90163.0,142751.0,,,,,TRUE,TRUE,,cloudfront.net,Drupal,,,TRUE
arctic.gov,arctic.gov,Arctic Research Commission,,4846.0,8569.0,,,,,TRUE,TRUE,TRUE,,WordPress,,"[""Create Account""]",
arcus.mil,arcus.mil,Department of Defense,,,,,,,,,,,,,,,
arlingtoncemetery.mil,arlingtoncemetery.mil,Department of Defense,,195916.0,534042.0,,,,,TRUE,TRUE,,,DNN,,,TRUE
education.arlingtoncemetery.mil,arlingtoncemetery.mil,Department of Defense,,4110.0,6980.0,,,,,TRUE,TRUE,,,DNN,,,
adc.arm.gov,arm.gov,Department of Energy,Battelle Pacific Northwest National Laboratory,4712.0,24502.0,,,,,TRUE,TRUE,,,,,,
arm.gov,arm.gov,Department of Energy,Battelle Pacific Northwest National Laboratory,19494.0,33151.0,,,,,TRUE,TRUE,TRUE,,,,,TRUE
armgov.svcs.arm.gov,arm.gov,Department of Energy,Battelle Pacific Northwest National Laboratory,7016.0,10436.0,,,,,TRUE,TRUE,TRUE,,,,,TRUE
asr.arm.gov,arm.gov,Department of Energy,Battelle Pacific Northwest National Laboratory,647.0,4926.0,,,,,TRUE,TRUE,,,,,,TRUE
code.arm.gov,arm.gov,Department of Energy,Battelle Pacific Northwest National Laboratory,,,,,,,,,,,,,"[""\""password\"""",""\""user_password\""""]",
dq.arm.gov,arm.gov,Department of Energy,Battelle Pacific Northwest National Laboratory,434.0,3371.0,,,,,TRUE,TRUE,,,,,,
dq-explorer-ui.svcs.arm.gov,arm.gov,Department of Energy,Battelle Pacific Northwest National Laboratory,634.0,1917.0,,,,,TRUE,TRUE,,,,,,
dq-plotbrowser-ui.svcs.arm.gov,arm.gov,Department of Energy,Battelle Pacific Northwest National Laboratory,912.0,993.0,,,,,TRUE,TRUE,,,,,,
dq-zoom-ui.svcs.arm.gov,arm.gov,Department of Energy,Battelle Pacific Northwest National Laboratory,206.0,257.0,,,,,TRUE,TRUE,,,,,,
jupyterhub.arm.gov,arm.gov,Department of Energy,Battelle Pacific Northwest National Laboratory,,,,,,,,TRUE,,,,,,
keycloak.svcs.arm.gov,arm.gov,Department of Energy,Battelle Pacific Northwest National Laboratory,,,,,,,,,,,,,,
lasso-ena-doc.arm.gov,arm.gov,Department of Energy,Battelle Pacific Northwest National Laboratory,,,,,,,,TRUE,,,,orcid,,TRUE
pcm.arm.gov,arm.gov,Department of Energy,Battelle Pacific Northwest National Laboratory,,,,,,,,,,,,,,
task.arm.gov,arm.gov,Department of Energy,Battelle Pacific Northwest National Laboratory,,,,,,,,,,,,,,
yum.arm.gov,arm.gov,Department of Energy,Battelle Pacific Northwest National Laboratory,,,,,,,,,,,,,,
8tharmy.korea.army.mil,army.mil,Department of Defense,Army,18419.0,39253.0,,,,True,TRUE,TRUE,,,,,,TRUE
ac.devcom.army.mil,army.mil,Department of Defense,Army,,,,,,,,,,,WordPress,,"[""\""password\"""",""type=\""password\""""]",TRUE
actsonline.army.mil,army.mil,Department of Defense,Army,,,,,,,,,,,,,,
amcomdmz.redstone.army.mil,army.mil,Department of Defense,Army,,,,,,,,,,,,,,
anad.army.mil,army.mil,Department of Defense,Army,,,,,,,,TRUE,,,,,,TRUE
api.army.mil,army.mil,Department of Defense,Army,,,,,,,,,,edgekey.net,,,,
apps.asc.army.mil,army.mil,Department of Defense,Army,,,,,,,,,,,,,,
arl.devcom.army.mil,army.mil,Department of Defense,Army,,,,,,,,TRUE,,,WordPress,,"[""\""password\"""",""type=\""password\""""]",TRUE
armycemeteries.army.mil,army.mil,Department of Defense,Army,,,,,,,,TRUE,,,DNN,,,
armypubs.army.mil,army.mil,Department of Defense,Army,1060250.0,2965422.0,,,,,TRUE,TRUE,TRUE,,,,,TRUE
armyrotc.army.mil,army.mil,Department of Defense,Army,,,,,,,,TRUE,,,WordPress,,,TRUE
asc.army.mil,army.mil,Department of Defense,Army,,,,,,True,,TRUE,,,WordPress,,,TRUE
atec.army.mil,army.mil,Department of Defense,Army,,,,,,,,TRUE,,,WordPress,,"[""\""password\"""",""type=\""password\""""]",TRUE
automation.hub.chra.army.mil,army.mil,Department of Defense,Army,,,,,,,,,,,,,,
avmc.devcom.army.mil,army.mil,Department of Defense,Army,,,,,,,,,,,WordPress,,"[""\""password\"""",""type=\""password\""""]",TRUE
c5isrcenter.devcom.army.mil,army.mil,Department of Defense,Army,,,,,,,,TRUE,,,WordPress,,"[""\""password\"""",""type=\""password\""""]",
career-satisfaction.army.mil,army.mil,Department of Defense,Army,,,,,,,,,,amazonaws.com,,,,
cbc.devcom.army.mil,army.mil,Department of Defense,Army,,,,,,,,TRUE,,,WordPress,,"[""\""password\"""",""type=\""password\""""]",TRUE
cecom.army.mil,army.mil,Department of Defense,Army,,,,,,,,TRUE,,,,,,TRUE
chess.army.mil,army.mil,Department of Defense,Army,,,,,,,,,,,,,,TRUE
cornerstone.army.mil,army.mil,Department of Defense,Army,,,,,,,,,,,,,,
cpeisw.army.mil,army.mil,Department of Defense,Army,,,,,,,,TRUE,,,WordPress,,,TRUE
cptrack.usace.army.mil,army.mil,Department of Defense,Army,,,,,,,,,,,,,,
ctcodin.t2com.army.mil,army.mil,Department of Defense,Army,3351.0,11332.0,,,,,TRUE,TRUE,,,,,,
cwms-data.usace.army.mil,army.mil,Department of Defense,Army,,,,,,,,,,amazonaws.com,,,,
devcom.army.mil,army.mil,Department of Defense,Army,,,,,,,,TRUE,,,WordPress,,"[""\""password\"""",""type=\""password\""""]",TRUE
ecolibrary.sec.usace.army.mil,army.mil,Department of Defense,Army,193.0,414.0,,,,,TRUE,TRUE,,amazonaws.com,,,,TRUE
federation.eams.army.mil,army.mil,Department of Defense,Army,,,,,,,,,,,,,"[""Create Account""]",
fifeanddrum.army.mil,army.mil,Department of Defense,Army,,,,,,,,TRUE,,,,,,
foia.army.mil,army.mil,Department of Defense,Army,5110.0,8809.0,,,,,TRUE,TRUE,TRUE,,,,,TRUE
gcss.army.mil,army.mil,Department of Defense,Army,,,,,,,,TRUE,,,,,,
geospatial-lrp.usace.army.mil,army.mil,Department of Defense,Army,,,,,,,,TRUE,,,,,,
gomo.army.mil,army.mil,Department of Defense,Army,40919.0,67196.0,,,,,TRUE,TRUE,,,,,,
gvsc.devcom.army.mil,army.mil,Department of Defense,Army,,,,,,,,TRUE,,,WordPress,,"[""\""password\"""",""type=\""password\""""]",TRUE
history.redstone.army.mil,army.mil,Department of Defense,Army,,,,,,,,,,,,,,
home.army.mil,army.mil,Department of Defense,Army,1180334.0,1889657.0,,,,True,TRUE,TRUE,,,,,,TRUE
icamportal.us.army.mil,army.mil,Department of Defense,Army,,,,,,,,TRUE,,akamaitechnologies.com,,,,
iperms.hrc.army.mil,army.mil,Department of Defense,Army,,,,,,,,,,,,,,
irav.safety.army.mil,army.mil,Department of Defense,Army,,,,,,,,TRUE,,,,,,
iwrlibrary.sec.usace.army.mil,army.mil,Department of Defense,Army,2190.0,3577.0,,,,,TRUE,TRUE,,amazonaws.com,,,,TRUE
jalbtcx.usace.army.mil,army.mil,Department of Defense,Army,,,,,,,,TRUE,,,,,,
jecop.usace.army.mil,army.mil,Department of Defense,Army,,,,,,,,TRUE,,,,,,
jrat.safety.army.mil,army.mil,Department of Defense,Army,,,,,,,,TRUE,,,,,,
juniorofficer.army.mil,army.mil,Department of Defense,Army,,,,,,,,TRUE,,,WordPress,,,TRUE
lms.mwr.army.mil,army.mil,Department of Defense,Army,,,,,,,,TRUE,,,,,"[""\""password\"""",""type=\""password\""""]",
lre-wm.usace.army.mil,army.mil,Department of Defense,Army,,,,,,,,,,,,,,
madsciblog.t2com.army.mil,army.mil,Department of Defense,Army,2765.0,4089.0,,,,,TRUE,TRUE,,,WordPress,,,TRUE
medcoe.army.mil,army.mil,Department of Defense,Army,,,,,,True,,TRUE,TRUE,,,,,TRUE
myarmybenefits.us.army.mil,army.mil,Department of Defense,Army,,,,,,,,TRUE,,,,,,TRUE
navigation.usace.army.mil,army.mil,Department of Defense,Army,,,,,,,,TRUE,,,,,,
ndclibrary.sec.usace.army.mil,army.mil,Department of Defense,Army,725.0,1511.0,,,,,TRUE,TRUE,,amazonaws.com,,,,TRUE
odin.t2com.army.mil,army.mil,Department of Defense,Army,86600.0,332461.0,,,,,TRUE,TRUE,,,,,,
oe.t2com.army.mil,army.mil,Department of Defense,Army,19759.0,31794.0,,,,,TRUE,TRUE,,,WordPress,,,TRUE
pass.aie.army.mil,army.mil,Department of Defense,Army,,,,,,,,,,,,,,
peoacwa.army.mil,army.mil,Department of Defense,Army,,,,,,,,,,,,,,
permits.ops.usace.army.mil,army.mil,Department of Defense,Army,8135.0,10704.0,,,,,TRUE,TRUE,,amazonaws.com,,,,
pia.army.mil,army.mil,Department of Defense,Army,1804.0,3423.0,,,,,TRUE,TRUE,TRUE,,,,,
portal.chra.army.mil,army.mil,Department of Defense,Army,,,,,,,,,,,,,"[""\""password\"""",""type=\""password\""""]",
resreg.spl.usace.army.mil,army.mil,Department of Defense,Army,,,,,,,,TRUE,,,,,,
safetynet.safety.army.mil,army.mil,Department of Defense,Army,,,,,,,,TRUE,,,DNN,,"[""\""password\"""",""type=\""password\""""]",
soldiersolutions.swf.army.mil,army.mil,Department of Defense,Army,91948.0,108504.0,,,,,TRUE,TRUE,,,,,,
water.usace.army.mil,army.mil,Department of Defense,Army,,,,,,,,TRUE,,amazonaws.com,,,,
baumholder.armymwr.com,armymwr.com,,,16881.0,23171.0,,,,,TRUE,TRUE,,cloudfront.net,,,,TRUE
bluegrass.armymwr.com,armymwr.com,,,1393.0,2510.0,,,,,TRUE,TRUE,,cloudfront.net,,,,TRUE
casey.armymwr.com,armymwr.com,,,10966.0,16126.0,,,,,TRUE,TRUE,,cloudfront.net,,,,TRUE
detroit.armymwr.com,armymwr.com,,,6749.0,8725.0,,,,,TRUE,TRUE,,cloudfront.net,,,,TRUE
dugway.armymwr.com,armymwr.com,,,1085.0,1514.0,,,,,TRUE,TRUE,,cloudfront.net,,,,TRUE
greely.armymwr.com,armymwr.com,,,4636.0,6799.0,,,,,TRUE,TRUE,,cloudfront.net,,,,TRUE
hohenfels.armymwr.com,armymwr.com,,,3374.0,5339.0,,,,,TRUE,TRUE,,cloudfront.net,,,,TRUE
irwin.armymwr.com,armymwr.com,,,8355.0,12110.0,,,,,TRUE,TRUE,,cloudfront.net,,,,TRUE
kaiserslautern.armymwr.com,armymwr.com,,,35471.0,56173.0,,,,,TRUE,TRUE,,cloudfront.net,,,,TRUE
leavenworth.armymwr.com,armymwr.com,,,11748.0,20495.0,,,,,TRUE,TRUE,,cloudfront.net,,,,TRUE
parks.armymwr.com,armymwr.com,,,878.0,1743.0,,,,,TRUE,TRUE,,cloudfront.net,,,,TRUE
sotocano.armymwr.com,armymwr.com,,,297.0,664.0,,,,,TRUE,TRUE,,cloudfront.net,,,,TRUE
tobyhanna.armymwr.com,armymwr.com,,,991.0,1582.0,,,,,TRUE,TRUE,,cloudfront.net,,,,TRUE
training.armymwr.com,armymwr.com,,,,,,,,,,TRUE,,cloudfront.net,,,,TRUE
wiesbaden.armymwr.com,armymwr.com,,,20936.0,33863.0,,,,,TRUE,TRUE,,cloudfront.net,,,,TRUE
npgsweb.ars-grin.gov,ars-grin.gov,Department of Agriculture,Agricultural Research Service,33620.0,112180.0,,,,,TRUE,TRUE,,,,,,TRUE
refermyappraisalcomplaint.asc.gov,asc.gov,Appraisal Subcommittee of the Federal Financial Institutions Examination Council,,910.0,4778.0,,,,,TRUE,TRUE,,,Drupal,,,TRUE
etrace.atf.gov,atf.gov,Department of Justice,"Bureau of Alcohol, Tobacco, Firearms, and Explosives",,,,,,,,TRUE,,,,,,
nesstest.atf.gov,atf.gov,Department of Justice,"Bureau of Alcohol, Tobacco, Firearms, and Explosives",,,,,,,,TRUE,,,,,,
fdx.banknet.gov,banknet.gov,Department of the Treasury,Office of the Comptroller of the Currency,,,,,,,,,,,,,,
2016.bbg.gov,bbg.gov,United States Agency for Global Media,,,,,,,,,TRUE,,edgekey.net,WordPress,,,TRUE
itims.bia.gov,bia.gov,Department of the Interior,Bureau of Indian Affairs,,,,,,,,,,,,,,
snapr.bis.gov,bis.gov,Department of Commerce,Bureau of Industry and Security,,,,,,,,,TRUE,cloudflare.net,,,,
glorecords.blm.gov,blm.gov,Department of the Interior,Bureau of Land Management,116538.0,684880.0,,,,,TRUE,TRUE,,,,,,
phd.blm.gov,blm.gov,Department of the Interior,Bureau of Land Management,4359.0,4605.0,,,,,TRUE,TRUE,,,Drupal,,,
smart.blm.gov,blm.gov,Department of the Interior,Bureau of Land Management,335.0,9641.0,,,,,,,,,,,,
xd.gov,xd.gov,Department of Commerce,Bureau of the Census,355.0,882.0,,,,,TRUE,TRUE,TRUE,github.com,,,,
youth.gov,youth.gov,Department of Health and Human Services,"Assistant Secretary for Planning and Evaluation, Office of the Secretary",32602.0,49040.0,,,,,TRUE,TRUE,,,Drupal,,,TRUE
