name,initial_domain,initial_base_domain,url,domain,base_domain,agency,bureau,branch,scan_date,uswds_banner_heres_how,title,description
9-11commission.gov,9-11commission.gov,9-11commission.gov,https://9-11commission.gov/,9-11commission.gov,9-11commission.gov,National Archives and Records Administration,,Executive,2026-06-25T14:50:56.777Z,False,National Commission on Terrorist Attacks Upon the United States,
911commission.gov,911commission.gov,911commission.gov,https://911commission.gov/,911commission.gov,911commission.gov,National Archives and Records Administration,,Executive,2026-06-25T14:54:06.959Z,False,National Commission on Terrorist Attacks Upon the United States,
aal.mil,aal.mil,aal.mil,https://aal.mil/,aal.mil,aal.mil,Department of Defense,,Executive,2026-06-25T14:56:59.649Z,False,AAL | Army Applications Laboratory,Army Applications Laboratory connects the Army and the best commercial technology and talent to transform innovative tech into transition-ready solutions.
vertex.aal.mil,vertex.aal.mil,aal.mil,https://vertex.aal.mil/,vertex.aal.mil,aal.mil,Department of Defense,,Executive,2026-06-25T14:47:07.891Z,False,VERTEX | Event Series,Army Futures Command hosted event: VERTEX | Event Series.
abilityone.gov,abilityone.gov,abilityone.gov,https://abilityone.gov/,abilityone.gov,abilityone.gov,United States AbilityOne Commission,Committee for Purchase From People Who Are Blind or Severely Disabled,Executive,2026-06-25T14:50:56.526Z,True,AbilityOne,
plims.abilityone.gov,plims.abilityone.gov,abilityone.gov,https://plims.abilityone.gov/search-products/,plims.abilityone.gov,abilityone.gov,United States AbilityOne Commission,Committee for Purchase From People Who Are Blind or Severely Disabled,Executive,2026-06-25T14:54:19.551Z,False,Search Products,
plimsvote.abilityone.gov,plimsvote.abilityone.gov,abilityone.gov,https://plimsvote.abilityone.gov/,plimsvote.abilityone.gov,abilityone.gov,United States AbilityOne Commission,Committee for Purchase From People Who Are Blind or Severely Disabled,Executive,2026-06-25T14:55:43.009Z,False,Home,
beta.access-board.gov,beta.access-board.gov,access-board.gov,https://beta.access-board.gov/,beta.access-board.gov,access-board.gov,Access Board,,Executive,2026-06-25T14:56:55.924Z,True,U.S. Access Board - Home,"The U.S. Access Board is a federal agency that promotes equality for people with disabilities through leadership in accessible design and the development of accessibility guidelines and standards for the built environment, transportation, communication, medical diagnostic equipment, and information technology."
ictbaseline.access-board.gov,ictbaseline.access-board.gov,access-board.gov,https://ictbaseline.access-board.gov/,ictbaseline.access-board.gov,access-board.gov,Access Board,,Executive,2026-06-25T14:46:55.523Z,True,ICT Testing Baseline Portfolio,"The tests included in the Section 508 ICT Testing Baseline reduce ambiguity, increase consistency of results, and emphasize testing of the methods and techniques that can reliably meet the Section 508 ICT Accessibility requirements, given the current state and compatibility of underlying technologies."
cwpm.acf.gov,cwpm.acf.gov,acf.gov,https://cwpm.acf.gov/,cwpm.acf.gov,acf.gov,Department of Health and Human Services,Administration for Children and Families,Executive,2026-06-25T14:48:05.832Z,True,Child Welfare Policy Manual | Child Welfare Policy Manual,"The Children's Bureau provides guidance to states, tribes, child welfare agencies, and more on the complex and varied federal laws as they relate to child welfare."
jira.acf.gov,jira.acf.gov,acf.gov,https://jira.acf.gov/login.jsp?permissionViolation=true&os_destination=%2Fdefault.jsp&page_caps=&user_role=USER,jira.acf.gov,acf.gov,Department of Health and Human Services,Administration for Children and Families,Executive,2026-06-25T14:51:23.971Z,False,Log into Atlassian - Jira,
liheapch.acf.gov,liheapch.acf.gov,acf.gov,https://liheapch.acf.gov/,liheapch.acf.gov,acf.gov,Department of Health and Human Services,Administration for Children and Families,Executive,2026-06-25T14:51:53.020Z,False,Welcome to the Clearinghouse! | The LIHEAP Clearinghouse,
liheappm.acf.gov,liheappm.acf.gov,acf.gov,https://liheappm.acf.gov/,liheappm.acf.gov,acf.gov,Department of Health and Human Services,Administration for Children and Families,Executive,2026-06-25T14:52:59.408Z,False,Welcome to LIHEAP Performance Management | LIHEAP Performance Management,
ncsacw.acf.gov,ncsacw.acf.gov,acf.gov,https://ncsacw.acf.gov/,ncsacw.acf.gov,acf.gov,Department of Health and Human Services,Administration for Children and Families,Executive,2026-06-25T14:47:12.881Z,True,Home | National Center on Substance Abuse and Child Welfare,National Center on Substance Abuse and Child Welfare
acl.gov,acl.gov,acl.gov,https://acl.gov/,acl.gov,acl.gov,Department of Health and Human Services,Administration for Community Living,Executive,2026-06-25T14:47:37.815Z,True,Home Page | ACL Administration for Community Living,
agid.acl.gov,agid.acl.gov,acl.gov,https://agid.acl.gov/,agid.acl.gov,acl.gov,Department of Health and Human Services,Administration for Community Living,Executive,2026-06-25T14:48:09.677Z,True,AGID,
ak3.acl.gov,ak3.acl.gov,acl.gov,https://ak3.acl.gov/,ak3.acl.gov,acl.gov,Department of Health and Human Services,Administration for Community Living,Executive,2026-06-25T14:51:50.613Z,False,ACL Page,
apstarc.acl.gov,apstarc.acl.gov,acl.gov,https://apstarc.acl.gov/home#gsc.tab=0,apstarc.acl.gov,acl.gov,Department of Health and Human Services,Administration for Community Living,Executive,2026-06-25T14:57:07.641Z,True,APS TARC | Home,Home
dial.acl.gov,dial.acl.gov,acl.gov,https://dial.acl.gov/home,dial.acl.gov,acl.gov,Department of Health and Human Services,Administration for Community Living,Executive,2026-06-25T14:51:55.335Z,True,DIAL | Home,Home
ejcc.acl.gov,ejcc.acl.gov,acl.gov,https://ejcc.acl.gov/home#gsc.tab=0,ejcc.acl.gov,acl.gov,Department of Health and Human Services,Administration for Community Living,Executive,2026-06-25T14:53:11.190Z,True,EJCC | Home,EJCC
eldercare.acl.gov,eldercare.acl.gov,acl.gov,https://eldercare.acl.gov/home,eldercare.acl.gov,acl.gov,Department of Health and Human Services,Administration for Community Living,Executive,2026-06-25T14:52:07.970Z,True,Elder Care | Home,Home
elderjustice.acl.gov,elderjustice.acl.gov,acl.gov,https://elderjustice.acl.gov/home#gsc.tab=0,elderjustice.acl.gov,acl.gov,Department of Health and Human Services,Administration for Community Living,Executive,2026-06-25T14:48:22.159Z,True,Elder Justice | Home,Elder Justice
icdr.acl.gov,icdr.acl.gov,acl.gov,https://icdr.acl.gov/home#gsc.tab=0,icdr.acl.gov,acl.gov,Department of Health and Human Services,Administration for Community Living,Executive,2026-06-25T14:49:24.503Z,True,ICDR | Home,ICDR
nadrc.acl.gov,nadrc.acl.gov,acl.gov,https://nadrc.acl.gov/home,nadrc.acl.gov,acl.gov,Department of Health and Human Services,Administration for Community Living,Executive,2026-06-25T14:52:02.261Z,True,Home | NADRC,NADRC
naeji.acl.gov,naeji.acl.gov,acl.gov,https://naeji.acl.gov/home#gsc.tab=0,naeji.acl.gov,acl.gov,Department of Health and Human Services,Administration for Community Living,Executive,2026-06-25T14:55:56.974Z,True,NAEJI | Home,NAEJI
namrs.acl.gov,namrs.acl.gov,acl.gov,https://namrs.acl.gov/home#gsc.tab=0,namrs.acl.gov,acl.gov,Department of Health and Human Services,Administration for Community Living,Executive,2026-06-25T14:47:34.231Z,True,NAMRS | Home,Home
natc.acl.gov,natc.acl.gov,acl.gov,https://natc.acl.gov/home#gsc.tab=0,natc.acl.gov,acl.gov,Department of Health and Human Services,Administration for Community Living,Executive,2026-06-25T14:49:29.066Z,True,Home | NATC,NATC
ncapps.acl.gov,ncapps.acl.gov,acl.gov,https://ncapps.acl.gov/,ncapps.acl.gov,acl.gov,Department of Health and Human Services,Administration for Community Living,Executive,2026-06-25T14:54:34.746Z,False,NCAPPS Home,N Capps
ncea.acl.gov,ncea.acl.gov,acl.gov,https://ncea.acl.gov/home#gsc.tab=0,ncea.acl.gov,acl.gov,Department of Health and Human Services,Administration for Community Living,Executive,2026-06-25T14:53:11.371Z,True,NCEA | Home,NCEAR - Home
ncler.acl.gov,ncler.acl.gov,acl.gov,https://ncler.acl.gov/home#gsc.tab=0,ncler.acl.gov,acl.gov,Department of Health and Human Services,Administration for Community Living,Executive,2026-06-25T14:47:04.383Z,True,NCLER | Home,NCLER - Home
norc.acl.gov,norc.acl.gov,acl.gov,https://norc.acl.gov/home#gsc.tab=0,norc.acl.gov,acl.gov,Department of Health and Human Services,Administration for Community Living,Executive,2026-06-25T14:53:12.663Z,True,Home | NORC,NORC
nwd.acl.gov,nwd.acl.gov,acl.gov,https://nwd.acl.gov/,nwd.acl.gov,acl.gov,Department of Health and Human Services,Administration for Community Living,Executive,2026-06-25T14:49:25.466Z,False,No Wrong Door,No Wrong Door
oaaps.acl.gov,oaaps.acl.gov,acl.gov,https://oaaps.acl.gov/welcome,oaaps.acl.gov,acl.gov,Department of Health and Human Services,Administration for Community Living,Executive,2026-06-25T14:51:10.610Z,False,ACL OAAPS,
oaaps-pilot.acl.gov,oaaps-pilot.acl.gov,acl.gov,https://oaaps-pilot.acl.gov/welcome,oaaps-pilot.acl.gov,acl.gov,Department of Health and Human Services,Administration for Community Living,Executive,2026-06-25T14:55:57.608Z,False,ACL OAAPS,
olderindians.acl.gov,olderindians.acl.gov,acl.gov,https://olderindians.acl.gov/home#gsc.tab=0,olderindians.acl.gov,acl.gov,Department of Health and Human Services,Administration for Community Living,Executive,2026-06-25T14:52:06.972Z,True,Older Indians | Home,Older Indians - Home
portal.acl.gov,portal.acl.gov,acl.gov,https://portal.acl.gov/,portal.acl.gov,acl.gov,Department of Health and Human Services,Administration for Community Living,Executive,2026-06-25T14:47:33.936Z,False,HHS - Administration for Community Living (ACL) - Sign In,
sirs.acl.gov,sirs.acl.gov,acl.gov,https://sirs.acl.gov/etk-hhs-acl-prod/page.request.do?page=page.sirshome,sirs.acl.gov,acl.gov,Department of Health and Human Services,Administration for Community Living,Executive,2026-06-25T14:54:37.756Z,False,,
smpship.acl.gov,smpship.acl.gov,acl.gov,https://smpship.acl.gov/etk-hhs-acl-prod/login.request.do,smpship.acl.gov,acl.gov,Department of Health and Human Services,Administration for Community Living,Executive,2026-06-25T14:48:15.076Z,False,ACL - Sign On,
stars.acl.gov,stars.acl.gov,acl.gov,https://stars.acl.gov/etk-hhs-acl-prod/page.request.do?page=page.starshome,stars.acl.gov,acl.gov,Department of Health and Human Services,Administration for Community Living,Executive,2026-06-25T14:53:12.870Z,False,,
uatsirs.acl.gov,uatsirs.acl.gov,acl.gov,https://uatsirs.acl.gov/hhs-acl-mig/page.request.do?page=page.sirshome,uatsirs.acl.gov,acl.gov,Department of Health and Human Services,Administration for Community Living,Executive,2026-06-25T14:48:19.369Z,False,,
uatsmpship.acl.gov,uatsmpship.acl.gov,acl.gov,https://uatsmpship.acl.gov/hhs-acl-mig/login.request.do,uatsmpship.acl.gov,acl.gov,Department of Health and Human Services,Administration for Community Living,Executive,2026-06-25T14:47:04.472Z,False,ACL - Sign On,
uatstars.acl.gov,uatstars.acl.gov,acl.gov,https://uatstars.acl.gov/hhs-acl-mig/page.request.do?page=page.starshome,uatstars.acl.gov,acl.gov,Department of Health and Human Services,Administration for Community Living,Executive,2026-06-25T14:52:05.410Z,False,,
weaad.acl.gov,weaad.acl.gov,acl.gov,https://weaad.acl.gov/,weaad.acl.gov,acl.gov,Department of Health and Human Services,Administration for Community Living,Executive,2026-06-25T14:51:09.999Z,False,Administration for Community Living,
acquisitiongateway.gov,acquisitiongateway.gov,acquisitiongateway.gov,https://acquisitiongateway.gov/,acquisitiongateway.gov,acquisitiongateway.gov,General Services Administration,Federal Acquisition Service,Executive,2026-06-25T14:52:14.990Z,True,Acquisition Gateway,
acquisition.gov,acquisition.gov,acquisition.gov,https://www.acquisition.gov/,www.acquisition.gov,acquisition.gov,General Services Administration,Office of GSA IT,Executive,2026-06-25T14:47:39.218Z,False,Home | Acquisition.GOV,
login.acquisition.gov,login.acquisition.gov,acquisition.gov,https://login.acquisition.gov/,login.acquisition.gov,acquisition.gov,General Services Administration,Office of GSA IT,Executive,2026-06-25T14:53:25.712Z,False,Home | Acquisition.GOV,
ada.gov,ada.gov,ada.gov,https://www.ada.gov/,www.ada.gov,ada.gov,Department of Justice,Civil Rights Division,Executive,2026-06-25T14:56:06.459Z,True,The Americans with Disabilities Act | ADA.gov,"Disability rights are civil rights. From voting to parking, the ADA is a law that protects people with disabilities in many areas of public life."
archive.ada.gov,archive.ada.gov,ada.gov,https://archive.ada.gov/,archive.ada.gov,ada.gov,Department of Justice,Civil Rights Division,Executive,2026-06-25T14:53:19.676Z,False,archive.ADA.gov homepage,"The ADA Home Page provides access to Americans with Disabilities Act (ADA) regulations for businesses and State and local governments, technical assistance materials, ADA Standards for Accessible Design, links to Federal agencies with ADA responsibilities and information, updates on new ADA requirements, streaming video, information about Department of Justice ADA settlement agreements, consent decrees, and enforcement activities and access to Freedom of Information Act (FOIA) ADA material"
adams.gov,adams.gov,adams.gov,https://adams.gov/,adams.gov,adams.gov,Adams Memorial Commission,,Legislative,2026-06-25T14:57:15.678Z,False,Adams Memorial Commission | The Adams Memorial Commission,"The Adams Memorial Commission (AMC) is a congressional commission created to establishing a memorial for John Adams, Abigail Adams, John Quincy Adams, Louisa Catherine Adams, Henry Adams, Charles Adams and the Adams Family."
adf.gov,adf.gov,adf.gov,https://adf.gov/,adf.gov,adf.gov,United States African Development Foundation,African Development Foundation,Executive,2026-06-25T14:47:31.251Z,False,US African Development Foundation,
afadvantage.gov,afadvantage.gov,afadvantage.gov,https://www.afadvantage.gov/advantage/ws/main/start_page?store=AIRFORCE,www.afadvantage.gov,afadvantage.gov,General Services Administration,Federal Acquisition Service,Executive,2026-06-25T15:00:58.167Z,False,Login,GSA Advantage is an online shopping and ordering system that provides access to thousands of contractors with millions of products and services.
aff.gov,aff.gov,aff.gov,https://www.aff.gov/,www.aff.gov,aff.gov,Department of Agriculture,,Executive,2026-06-25T15:08:14.960Z,False,Automated Flight Following (AFF),"AFF is GPS-based computer software first developed in 2000. Using a map-based interface, an authorized user can identify, view, and monitor the location of government-registered aircraft, in the air or on the ground. AFF can automatically track specially equipped aircraft, providing location and velocity information in near-real-time to dispatchers and aviation personnel."
afcca.law.af.mil,afcca.law.af.mil,af.mil,https://afcca.law.af.mil/,afcca.law.af.mil,af.mil,Department of Defense,Air Force,Executive,2026-06-25T14:59:39.895Z,False,Air Force Court of Criminal Appeals,
aflegalassistance.law.af.mil,aflegalassistance.law.af.mil,af.mil,https://aflegalassistance.law.af.mil/apps/aflass_public/bin/main.php,aflegalassistance.law.af.mil,af.mil,Department of Defense,Air Force,Executive,2026-06-25T15:06:59.693Z,False,U.S. Air Force Legal Assistance (AFLASS),
afrba-portal.cce.af.mil,afrba-portal.cce.af.mil,af.mil,https://afrba-portal.cce.af.mil/,afrba-portal.cce.af.mil,af.mil,Department of Defense,Air Force,Executive,2026-06-25T14:58:35.857Z,False,AFRBA,
afsas.safety.af.mil,afsas.safety.af.mil,af.mil,https://afsas.safety.af.mil/my.policy,afsas.safety.af.mil,af.mil,Department of Defense,Air Force,Executive,2026-06-25T15:03:56.821Z,False,,
afvec.us.af.mil,afvec.us.af.mil,af.mil,https://afvec.us.af.mil/afvec/public/welcome,afvec.us.af.mil,af.mil,Department of Defense,Air Force,Executive,2026-06-25T15:02:48.123Z,False,AFVEC,AFVEC
aiportal.us.af.mil,aiportal.us.af.mil,af.mil,https://aiportal.us.af.mil/aiportal/auth/login,aiportal.us.af.mil,af.mil,Department of Defense,Air Force,Executive,2026-06-25T15:07:11.647Z,False,AIPortal - Login,
armyignited.cce.af.mil,armyignited.cce.af.mil,af.mil,https://armyignited.cce.af.mil/student/public/welcome,armyignited.cce.af.mil,af.mil,Department of Defense,Air Force,Executive,2026-06-25T15:01:19.470Z,False,ArmyIgnitED Student Portal,ArmyIgnitED
boards.law.af.mil,boards.law.af.mil,af.mil,https://boards.law.af.mil/,boards.law.af.mil,af.mil,Department of Defense,Air Force,Executive,2026-06-25T14:58:39.254Z,False,Boards of Review Reading Rooms,
cloudone.af.mil,cloudone.af.mil,af.mil,https://cloudone.af.mil/,cloudone.af.mil,af.mil,Department of Defense,Air Force,Executive,2026-06-25T15:01:22.590Z,False,Air Force Cloud One,C1 Public-Facing Web App
digitalu.af.mil,digitalu.af.mil,af.mil,https://digitalu.af.mil/,digitalu.af.mil,af.mil,Department of Defense,Air Force,Executive,2026-06-25T15:04:03.682Z,False,Home | Digital University,"Digital University (DU) provides the DoW with modern digital training, software development education, and mission-ready technology skills to accelerate innovation across the U.S. Air Force."
federation.prod.cce.af.mil,federation.prod.cce.af.mil,af.mil,https://federation.prod.cce.af.mil/,federation.prod.cce.af.mil,af.mil,Department of Defense,Air Force,Executive,2026-06-25T15:07:07.425Z,False,USAF Single Sign-On,
legalassistance.law.af.mil,legalassistance.law.af.mil,af.mil,https://legalassistance.law.af.mil/,legalassistance.law.af.mil,af.mil,Department of Defense,Air Force,Executive,2026-06-25T15:06:00.710Z,False,Armed Forces Legal Assistance (AFLA),
mobile.af.mil,mobile.af.mil,af.mil,https://mobile.af.mil/,mobile.af.mil,af.mil,Department of Defense,Air Force,Executive,2026-06-25T15:08:10.691Z,True,BESPIN – Elevating Air Force Software Development,
myairforcebenefits.us.af.mil,myairforcebenefits.us.af.mil,af.mil,https://myairforcebenefits.us.af.mil/,myairforcebenefits.us.af.mil,af.mil,Department of Defense,Air Force,Executive,2026-06-25T14:59:55.314Z,False,Home | An Official Air Force Benefits Website,MyAirForceBenefits is the Official Air Force Benefits Website. Forecast Your Retirement Benefits. Calculate Estimates of Your Survivor and Survivor Education Benefits. Browse Over 150 Fact Sheets for Benefit Eligibility and Highlights.
myfss.us.af.mil,myfss.us.af.mil,af.mil,https://myfss.us.af.mil/USAFCommunity/s/login/?ec=302&startURL=%2FUSAFCommunity%2Fs%2F,myfss.us.af.mil,af.mil,Department of Defense,Air Force,Executive,2026-06-25T15:07:28.028Z,False,Login,
myvector.us.af.mil,myvector.us.af.mil,af.mil,https://myvector.us.af.mil/myvector/PublicHome/NoticeAndConsent,myvector.us.af.mil,af.mil,Department of Defense,Air Force,Executive,2026-06-25T15:02:58.701Z,False,MyVector,
saferep.safety.af.mil,saferep.safety.af.mil,af.mil,https://saferep.safety.af.mil/,saferep.safety.af.mil,af.mil,Department of Defense,Air Force,Executive,2026-06-25T15:06:16.062Z,False,SAFEREP,
software.af.mil,software.af.mil,af.mil,https://software.af.mil/,software.af.mil,af.mil,Department of Defense,Air Force,Executive,2026-06-25T15:04:14.961Z,False,software.af.mil,US Air Force DevSecOps: Agility. Security. Excellence.
afn.mil,afn.mil,afn.mil,https://www.afn.mil/,www.afn.mil,afn.mil,Department of Defense,,Executive,2026-06-25T15:08:15.931Z,False,AFN Home,"AFN delivers a “touch of home” news, information and entertainment programming through multi-channel television, radio, web, social media and mobile applications to DoD overseas communities and forces stationed in 170+ countries."
apps.tucson.ars.ag.gov,apps.tucson.ars.ag.gov,ag.gov,https://apps.tucson.ars.ag.gov/toolbox/,apps.tucson.ars.ag.gov,ag.gov,Department of Agriculture,,Executive,2026-06-25T14:59:06.593Z,False,SWRC Web Applications Toolbox,
agingstats.gov,agingstats.gov,agingstats.gov,https://agingstats.gov/,agingstats.gov,agingstats.gov,Department of Health and Human Services,Administration for Community Living,Executive,2026-06-25T15:06:32.174Z,False,Aging Stats,
acts.ahrq.gov,acts.ahrq.gov,ahrq.gov,https://acts.ahrq.gov/lam/templates/selfService/selfServiceLogin.php?scope=user&name=onc-self-service,acts.ahrq.gov,ahrq.gov,Department of Health and Human Services,Agency for Healthcare Research and Quality,Executive,2026-06-25T15:06:31.720Z,False,Login,
dam.ahrq.gov,dam.ahrq.gov,ahrq.gov,https://dam.ahrq.gov/accounts/login/?next=/,dam.ahrq.gov,ahrq.gov,Department of Health and Human Services,Agency for Healthcare Research and Quality,Executive,2026-06-25T15:06:32.528Z,False,,
datatools.ahrq.gov,datatools.ahrq.gov,ahrq.gov,https://datatools.ahrq.gov/,datatools.ahrq.gov,ahrq.gov,Department of Health and Human Services,Agency for Healthcare Research and Quality,Executive,2026-06-25T15:07:38.659Z,False,AHRQ Data Tools – Agency for Healthcare Research and Quality,
dataviz.ahrq.gov,dataviz.ahrq.gov,ahrq.gov,https://dataviz.ahrq.gov/#/signin,dataviz.ahrq.gov,ahrq.gov,Department of Health and Human Services,Agency for Healthcare Research and Quality,Executive,2026-06-25T15:03:34.419Z,False,Tableau Server,
digital.ahrq.gov,digital.ahrq.gov,ahrq.gov,https://digital.ahrq.gov/,digital.ahrq.gov,ahrq.gov,Department of Health and Human Services,Agency for Healthcare Research and Quality,Executive,2026-06-25T14:59:23.645Z,False,Digital Healthcare Research,AHRQ’s Digital Healthcare Research (DHR) program’s mission is to determine how the various components of the ever-evolving digital healthcare ecosystem can best come together to positively affect healthcare delivery and create value for patients and their families.
docs.ahrq.gov,docs.ahrq.gov,ahrq.gov,https://docs.ahrq.gov/docs/login.jsp,docs.ahrq.gov,ahrq.gov,Department of Health and Human Services,Agency for Healthcare Research and Quality,Executive,2026-06-25T15:04:29.365Z,False,Login,
epc-src.ahrq.gov,epc-src.ahrq.gov,ahrq.gov,https://epc-src.ahrq.gov/,epc-src.ahrq.gov,ahrq.gov,Department of Health and Human Services,Agency for Healthcare Research and Quality,Executive,2026-06-25T15:05:29.726Z,False,SRC Public,
evidence.ahrq.gov,evidence.ahrq.gov,ahrq.gov,https://evidence.ahrq.gov/lam/templates/selfService/selfServiceLogin.php?scope=user&name=onc-self-service,evidence.ahrq.gov,ahrq.gov,Department of Health and Human Services,Agency for Healthcare Research and Quality,Executive,2026-06-25T15:06:41.972Z,False,Login,
filecloud.ahrq.gov,filecloud.ahrq.gov,ahrq.gov,https://filecloud.ahrq.gov/ui/core/index.html#/,filecloud.ahrq.gov,ahrq.gov,Department of Health and Human Services,Agency for Healthcare Research and Quality,Executive,2026-06-25T15:00:14.306Z,False,FileCloud,Secure Enterprise File Share and Sync Solution
hcup-ts.ahrq.gov,hcup-ts.ahrq.gov,ahrq.gov,https://hcup-ts.ahrq.gov/,hcup-ts.ahrq.gov,ahrq.gov,Department of Health and Human Services,Agency for Healthcare Research and Quality,Executive,2026-06-25T15:07:41.329Z,False,HCUP-US Home Page,
hcup-us.ahrq.gov,hcup-us.ahrq.gov,ahrq.gov,https://hcup-us.ahrq.gov/,hcup-us.ahrq.gov,ahrq.gov,Department of Health and Human Services,Agency for Healthcare Research and Quality,Executive,2026-06-25T14:59:22.304Z,False,HCUP-US Home Page,
id.ahrq.gov,id.ahrq.gov,ahrq.gov,https://id.ahrq.gov/oauth2/v1/authorize?client_id=okta.2b1959c8-bcc0-56eb-a589-cfcfb7422f26&code_challenge=3SKgSzJd5ZImC432W3KehCsY7_Nf3wwfGwrrBFgUmmg&code_challenge_method=S256&nonce=7zTBsO94UwdLjajQVd0YXZOKk363colbRx0Xb9MvPhGotlZyXb8380oMvJNCp0sl&redirect_uri=https%3A%2F%2Fid.ahrq.gov%2Fenduser%2Fcallback&response_type=code&state=pQX0WJApy4xkBnXjP0p7YyyyrPs0CjaeJ8O8YedlNI1hEAcf9x9zGpoWKOVIqWVP&scope=openid%20profile%20email%20okta.users.read.self%20okta.users.manage.self%20okta.internal.enduser.read%20okta.internal.enduser.manage%20okta.enduser.dashboard.read%20okta.enduser.dashboard.manage%20okta.myAccount.sessions.manage%20okta.internal.navigation.enduser.read,id.ahrq.gov,ahrq.gov,Department of Health and Human Services,Agency for Healthcare Research and Quality,Executive,2026-06-25T15:00:15.015Z,False,Department of Health and Human Services - Agency for Healthcare Research and Quality - Sign In,
integrationacademy.ahrq.gov,integrationacademy.ahrq.gov,ahrq.gov,https://integrationacademy.ahrq.gov/,integrationacademy.ahrq.gov,ahrq.gov,Department of Health and Human Services,Agency for Healthcare Research and Quality,Executive,2026-06-25T15:08:26.426Z,False,Integrating Behavioral Health & Primary Care| AHRQ Academy,The AHRQ Academy provides tools and resources to help increase behavioral health and primary care integration.
journal.ahrq.gov,journal.ahrq.gov,ahrq.gov,https://journal.ahrq.gov/accounts/login/?next=/,journal.ahrq.gov,ahrq.gov,Department of Health and Human Services,Agency for Healthcare Research and Quality,Executive,2026-06-25T15:07:43.448Z,False,,
meps.ahrq.gov,meps.ahrq.gov,ahrq.gov,https://meps.ahrq.gov/mepsweb/,meps.ahrq.gov,ahrq.gov,Department of Health and Human Services,Agency for Healthcare Research and Quality,Executive,2026-06-25T15:02:08.228Z,False,Medical Expenditure Panel Survey Home,"The Medical Expenditure Panel Survey is a set of large-scale surveys of families and individuals, their medical providers, and employers across the United States."
mobile.ahrq.gov,mobile.ahrq.gov,ahrq.gov,https://mobile.ahrq.gov/,mobile.ahrq.gov,ahrq.gov,Department of Health and Human Services,Agency for Healthcare Research and Quality,Executive,2026-06-25T15:06:41.054Z,False,,
ocdashboard.ahrq.gov,ocdashboard.ahrq.gov,ahrq.gov,https://ocdashboard.ahrq.gov/accounts/login/?next=/,ocdashboard.ahrq.gov,ahrq.gov,Department of Health and Human Services,Agency for Healthcare Research and Quality,Executive,2026-06-25T15:01:04.061Z,False,,
pcornomination.ahrq.gov,pcornomination.ahrq.gov,ahrq.gov,https://pcornomination.ahrq.gov/findings/registration.jsp?eventid=1,pcornomination.ahrq.gov,ahrq.gov,Department of Health and Human Services,Agency for Healthcare Research and Quality,Executive,2026-06-25T15:00:23.030Z,False,Submission for PCOR Findings Dissemination,
pcornominationtest.ahrq.gov,pcornominationtest.ahrq.gov,ahrq.gov,https://pcornominationtest.ahrq.gov/findings/registration.jsp?eventid=1,pcornominationtest.ahrq.gov,ahrq.gov,Department of Health and Human Services,Agency for Healthcare Research and Quality,Executive,2026-06-25T15:07:52.885Z,False,Submission for PCOR Findings Dissemination,
psnet.ahrq.gov,psnet.ahrq.gov,ahrq.gov,https://psnet.ahrq.gov/,psnet.ahrq.gov,ahrq.gov,Department of Health and Human Services,Agency for Healthcare Research and Quality,Executive,2026-06-25T15:02:33.006Z,False,Home | PSNet,"AHRQ's Patient Safety Network (PSNet) features a collection of the latest news and resources on patient safety, innovations, toolkits, and training opportunities."
qualityindicators.ahrq.gov,qualityindicators.ahrq.gov,ahrq.gov,https://qualityindicators.ahrq.gov/,qualityindicators.ahrq.gov,ahrq.gov,Department of Health and Human Services,Agency for Healthcare Research and Quality,Executive,2026-06-25T15:08:51.281Z,False,AHRQ QI | AHRQ Quality Indicators,"Bringing excellence to healthcare decision making, quality improvement, and research."
search.ahrq.gov,search.ahrq.gov,ahrq.gov,https://search.ahrq.gov/,search.ahrq.gov,ahrq.gov,Department of Health and Human Services,Agency for Healthcare Research and Quality,Executive,2026-06-25T15:08:26.023Z,False,AHRQ Search | Home Page,
sites.ahrq.gov,sites.ahrq.gov,ahrq.gov,https://sites.ahrq.gov/,sites.ahrq.gov,ahrq.gov,Department of Health and Human Services,Agency for Healthcare Research and Quality,Executive,2026-06-25T15:07:47.006Z,False,USPSTF Scheduled Maintenance,
view2.ahrq.gov,view2.ahrq.gov,ahrq.gov,https://view2.ahrq.gov/,view2.ahrq.gov,ahrq.gov,Department of Health and Human Services,Agency for Healthcare Research and Quality,Executive,2026-06-25T15:09:31.787Z,False,VMware Horizon,
view.ahrq.gov,view.ahrq.gov,ahrq.gov,https://view.ahrq.gov/?includeNativeClientLaunch=true,view.ahrq.gov,ahrq.gov,Department of Health and Human Services,Agency for Healthcare Research and Quality,Executive,2026-06-25T15:05:42.852Z,False,VMware Horizon,
aiexports.gov,aiexports.gov,aiexports.gov,https://aiexports.gov/,aiexports.gov,aiexports.gov,Department of Commerce,International Trade Administration,Executive,2026-06-25T15:15:40.053Z,False,American AI Exports Program,The national front door for AI business opportunities.
ai.gov,ai.gov,ai.gov,https://www.ai.gov/,www.ai.gov,ai.gov,Executive Office of the President,Office of Science and Technology Policy,Executive,2026-06-25T15:08:34.760Z,False,AI.Gov | President Trump's AI Strategy and Action Plan,"Explore President Trump’s AI initiatives focused on innovation, infrastructure, international engagement, and youth education in artificial intelligence."
airknowledge.gov,airknowledge.gov,airknowledge.gov,https://airknowledge.gov/,airknowledge.gov,airknowledge.gov,Environmental Protection Agency,,Executive,2026-06-25T15:04:44.385Z,False,Air Knowledge,AirKnowledge is a partnership training program in                  the U.S. Environmental Protection Agency’s (EPA’s) Office of                  Air Quality Planning and Standards (OAQPS). AirKnowledge                  develops training material focused on the Clean Air Act                  program areas managed by OAQPS. This website is intended for                  use by the public and EPA staff.
espanol.airnow.gov,espanol.airnow.gov,airnow.gov,https://espanol.airnow.gov/?,espanol.airnow.gov,airnow.gov,Environmental Protection Agency,,Executive,2026-06-25T15:15:48.933Z,False,AirNow.gov,"AirNow es su fuente única de datos sobre la calidad del aire. Nuestro sitio recientemente rediseñado destaca primero la calidad del aire en su área local, al mismo tiempo que proporciona información sobre la calidad del aire a nivel estatal, nacional y mundial."
fire.airnow.gov,fire.airnow.gov,airnow.gov,https://fire.airnow.gov/,fire.airnow.gov,airnow.gov,Environmental Protection Agency,,Executive,2026-06-25T15:09:30.298Z,False,AirNow Fire and Smoke Map,This map shows fine particle pollution (PM2.5) from wildfires and other sources. It provides a public resource of information to best prepare and manage wildfire season. Developed in a joint partnership between the EPA and USFS.
humo.airnow.gov,humo.airnow.gov,airnow.gov,https://humo.airnow.gov/,humo.airnow.gov,airnow.gov,Environmental Protection Agency,,Executive,2026-06-25T15:08:34.532Z,False,En construcción,
mobilefire.airnow.gov,mobilefire.airnow.gov,airnow.gov,https://mobilefire.airnow.gov/,mobilefire.airnow.gov,airnow.gov,Environmental Protection Agency,,Executive,2026-06-25T15:12:03.552Z,False,AirNow Fire and Smoke Map,This map shows fine particle pollution (PM2.5) from wildfires and other sources. It provides a public resource of information to best prepare and manage wildfire season. Developed in a joint partnership between the EPA and USFS.
smoke.airnow.gov,smoke.airnow.gov,airnow.gov,https://smoke.airnow.gov/,smoke.airnow.gov,airnow.gov,Environmental Protection Agency,,Executive,2026-06-25T15:07:51.398Z,False,Under Construction,
americabydesign.gov,americabydesign.gov,americabydesign.gov,https://americabydesign.gov/,americabydesign.gov,americabydesign.gov,Executive Office of the President,White House Office,Executive,2026-06-25T15:14:03.538Z,False,America by Design,A National Design Studio Initiative
archive-share.america.gov,archive-share.america.gov,america.gov,https://archive-share.america.gov/,archive-share.america.gov,america.gov,Department of State,Bureau of Global Public Affairs,Executive,2026-06-25T15:08:37.765Z,False,ShareAmerica | Connect with America,"ShareAmerica is a place for the best social content on democracy, freedom of expression, innovation, entrepreneurship, education, science and civil society."
courses.america.gov,courses.america.gov,america.gov,https://courses.america.gov/,courses.america.gov,america.gov,Department of State,Bureau of Global Public Affairs,Executive,2026-06-25T15:18:27.346Z,False,GPA Courses API Reference,
e.america.gov,e.america.gov,america.gov,https://e.america.gov/login?ReturnUrl=%2F,e.america.gov,america.gov,Department of State,Bureau of Global Public Affairs,Executive,2026-06-25T15:13:58.550Z,False,Log In | U.S. Department of State,
share.america.gov,share.america.gov,america.gov,https://share.america.gov/,share.america.gov,america.gov,Department of State,Bureau of Global Public Affairs,Executive,2026-06-25T15:22:41.089Z,True,ShareAmerica | Connect with America,"ShareAmerica is a place for the best social content on democracy, freedom of expression, innovation, entrepreneurship, education, science and civil society."
data.americorps.gov,data.americorps.gov,americorps.gov,https://data.americorps.gov/,data.americorps.gov,americorps.gov,Corporation for National and Community Service,AmeriCorps,Executive,2026-06-25T15:09:50.357Z,True,AmeriCorps Open Data,
my.americorps.gov,my.americorps.gov,americorps.gov,https://my.americorps.gov/mp/login.do,my.americorps.gov,americorps.gov,Corporation for National and Community Service,AmeriCorps,Executive,2026-06-25T15:15:54.280Z,False,My AmeriCorps - Login,
promote.americorps.gov,promote.americorps.gov,americorps.gov,https://promote.americorps.gov/,promote.americorps.gov,americorps.gov,Corporation for National and Community Service,AmeriCorps,Executive,2026-06-25T15:24:42.630Z,True,Home | AmeriCorps Promotional Items,
questions.americorps.gov,questions.americorps.gov,americorps.gov,https://questions.americorps.gov/,questions.americorps.gov,americorps.gov,Corporation for National and Community Service,AmeriCorps,Executive,2026-06-25T15:18:49.693Z,False,Find Answers,
americorpsoig.gov,americorpsoig.gov,americorpsoig.gov,https://www.americorpsoig.gov/,www.americorpsoig.gov,americorpsoig.gov,Corporation for National and Community Service,AmeriCorps Office of Inspector General,Executive,2026-06-25T15:22:50.341Z,True,Home | AmeriCorps,
al-iproxy.ameslab.gov,al-iproxy.ameslab.gov,ameslab.gov,https://al-iproxy.ameslab.gov/,al-iproxy.ameslab.gov,ameslab.gov,Department of Energy,Ames National Laboratory,Executive,2026-06-25T15:12:20.222Z,False,HTTP Server Test Page powered by: Rocky Linux,
amtrakoig.gov,amtrakoig.gov,amtrakoig.gov,https://amtrakoig.gov/,amtrakoig.gov,amtrakoig.gov,"National Railroad Passenger Corporation, Office of Inspector General",,Executive,2026-06-25T15:12:23.041Z,False,AMTRAK Office Of Inspector General | Independence. Objectivity. Oversight.,
anchorit.gov,anchorit.gov,anchorit.gov,https://www.anchorit.gov/,www.anchorit.gov,anchorit.gov,Consumer Product Safety Commission,,Executive,2026-06-25T15:24:42.421Z,False,Anchor It,"Ten years ago, the U.S. Consumer Product Safety Commission launched the Anchor It! Campaign in response to the alarming rise in injuries and fatalities caused…"
apsdtn01.aps.anl.gov,apsdtn01.aps.anl.gov,anl.gov,https://apsdtn01.aps.anl.gov/,apsdtn01.aps.anl.gov,anl.gov,Department of Energy,Argonne National Laboratory,Executive,2026-06-25T15:10:00.468Z,False,End of Internet,
apsdtn501-alcf.aps.anl.gov,apsdtn501-alcf.aps.anl.gov,anl.gov,https://apsdtn501-alcf.aps.anl.gov/,apsdtn501-alcf.aps.anl.gov,anl.gov,Department of Energy,Argonne National Laboratory,Executive,2026-06-25T15:26:32.225Z,False,End of Internet,
apsdtn501.aps.anl.gov,apsdtn501.aps.anl.gov,anl.gov,https://apsdtn501.aps.anl.gov/,apsdtn501.aps.anl.gov,anl.gov,Department of Energy,Argonne National Laboratory,Executive,2026-06-25T15:08:47.038Z,False,End of Internet,
damson.ls.aps.anl.gov,damson.ls.aps.anl.gov,anl.gov,https://damson.ls.aps.anl.gov/,damson.ls.aps.anl.gov,anl.gov,Department of Energy,Argonne National Laboratory,Executive,2026-06-25T15:23:03.859Z,False,Life Sciences Collaborative Access Team,
delos.aps.anl.gov,delos.aps.anl.gov,anl.gov,https://delos.aps.anl.gov/,delos.aps.anl.gov,anl.gov,Department of Energy,Argonne National Laboratory,Executive,2026-06-25T15:19:18.947Z,False,Connection to delos.aps.anl.gov - NoMachine,
eicweb.phy.anl.gov,eicweb.phy.anl.gov,anl.gov,https://eicweb.phy.anl.gov/users/sign_in,eicweb.phy.anl.gov,anl.gov,Department of Energy,Argonne National Laboratory,Executive,2026-06-25T15:26:55.264Z,False,Sign in · GitLab,EICweb - Gitlab for the EIC User Group Community
electabuzz.ls.aps.anl.gov,electabuzz.ls.aps.anl.gov,anl.gov,https://electabuzz.ls.aps.anl.gov/,electabuzz.ls.aps.anl.gov,anl.gov,Department of Energy,Argonne National Laboratory,Executive,2026-06-25T15:14:47.015Z,False,LS-CAT Remote Client Login,
filesender.egs.anl.gov,filesender.egs.anl.gov,anl.gov,https://filesender.egs.anl.gov/,filesender.egs.anl.gov,anl.gov,Department of Energy,Argonne National Laboratory,Executive,2026-06-25T15:20:31.375Z,False,AET-NTNS File Transfer,
git.aps.anl.gov,git.aps.anl.gov,anl.gov,https://git.aps.anl.gov/users/sign_in,git.aps.anl.gov,anl.gov,Department of Energy,Argonne National Laboratory,Executive,2026-06-25T15:25:14.480Z,False,Sign in · GitLab,APS Software Collaboration
git-d.aps.anl.gov,git-d.aps.anl.gov,anl.gov,https://git-d.aps.anl.gov/users/sign_in,git-d.aps.anl.gov,anl.gov,Department of Energy,Argonne National Laboratory,Executive,2026-06-25T15:16:12.200Z,False,Sign in · GitLab,APS Software Collaboration
gitlab.phy.anl.gov,gitlab.phy.anl.gov,anl.gov,https://gitlab.phy.anl.gov/users/sign_in,gitlab.phy.anl.gov,anl.gov,Department of Energy,Argonne National Laboratory,Executive,2026-06-25T15:23:21.536Z,False,Sign in · GitLab,GitLab Community Edition
ionia.aps.anl.gov,ionia.aps.anl.gov,anl.gov,https://ionia.aps.anl.gov/,ionia.aps.anl.gov,anl.gov,Department of Energy,Argonne National Laboratory,Executive,2026-06-25T15:10:32.628Z,False,NoMachine - Connection to ionia.aps.anl.gov,
libanswers.anl.gov,libanswers.anl.gov,anl.gov,https://libanswers.anl.gov/,libanswers.anl.gov,anl.gov,Department of Energy,Argonne National Laboratory,Executive,2026-06-25T15:09:06.451Z,False,LibAnswers - LibAnswers,
libguides.anl.gov,libguides.anl.gov,anl.gov,https://libguides.anl.gov/public,libguides.anl.gov,anl.gov,Department of Energy,Argonne National Laboratory,Executive,2026-06-25T15:14:54.742Z,False,"ALL GUIDES Alphabetically - LibGuides at UChicago Argonne, LLC operator of Argonne National Laboratory",
lists.alcf.anl.gov,lists.alcf.anl.gov,anl.gov,https://lists.alcf.anl.gov/mailman/listinfo/,lists.alcf.anl.gov,anl.gov,Department of Energy,Argonne National Laboratory,Executive,2026-06-25T15:16:27.684Z,False,lists.alcf.anl.gov Mailing Lists,
lists.bio.anl.gov,lists.bio.anl.gov,anl.gov,https://lists.bio.anl.gov/mailman/listinfo/,lists.bio.anl.gov,anl.gov,Department of Energy,Argonne National Laboratory,Executive,2026-06-25T15:10:41.530Z,False,lists.bio.anl.gov Mailing Lists,
lists.cels.anl.gov,lists.cels.anl.gov,anl.gov,https://lists.cels.anl.gov/mailman/listinfo/,lists.cels.anl.gov,anl.gov,Department of Energy,Argonne National Laboratory,Executive,2026-06-25T15:23:52.593Z,False,lists.cels.anl.gov Mailing Lists,
lists.cps.anl.gov,lists.cps.anl.gov,anl.gov,https://lists.cps.anl.gov/mailman/listinfo/,lists.cps.anl.gov,anl.gov,Department of Energy,Argonne National Laboratory,Executive,2026-06-25T15:15:04.861Z,False,lists.cps.anl.gov Mailing Lists,
lists.dsl.anl.gov,lists.dsl.anl.gov,anl.gov,https://lists.dsl.anl.gov/mailman/listinfo/,lists.dsl.anl.gov,anl.gov,Department of Energy,Argonne National Laboratory,Executive,2026-06-25T15:13:00.919Z,False,lists.dsl.anl.gov Mailing Lists,
lists.extremecomputingtraining.anl.gov,lists.extremecomputingtraining.anl.gov,anl.gov,https://lists.extremecomputingtraining.anl.gov/mailman/listinfo/,lists.extremecomputingtraining.anl.gov,anl.gov,Department of Energy,Argonne National Laboratory,Executive,2026-06-25T15:19:34.618Z,False,lists.extremecomputingtraining.anl.gov Mailing Lists,
lists.jlse.anl.gov,lists.jlse.anl.gov,anl.gov,https://lists.jlse.anl.gov/mailman/listinfo/,lists.jlse.anl.gov,anl.gov,Department of Energy,Argonne National Laboratory,Executive,2026-06-25T15:25:36.489Z,False,lists.jlse.anl.gov Mailing Lists,
lists.mcs.anl.gov,lists.mcs.anl.gov,anl.gov,https://lists.mcs.anl.gov/mailman/listinfo/,lists.mcs.anl.gov,anl.gov,Department of Energy,Argonne National Laboratory,Executive,2026-06-25T15:19:45.234Z,False,lists.mcs.anl.gov Mailing Lists,
login.anl.gov,login.anl.gov,anl.gov,https://login.anl.gov/,login.anl.gov,anl.gov,Department of Energy,Argonne National Laboratory,Executive,2026-06-25T15:09:07.696Z,False,,
login-dr.anl.gov,login-dr.anl.gov,anl.gov,https://login-dr.anl.gov/,login-dr.anl.gov,anl.gov,Department of Energy,Argonne National Laboratory,Executive,2026-06-25T15:14:56.643Z,False,,
lrlcatconnect.sgx.aps.anl.gov,lrlcatconnect.sgx.aps.anl.gov,anl.gov,https://lrlcatconnect.sgx.aps.anl.gov/my.policy,lrlcatconnect.sgx.aps.anl.gov,anl.gov,Department of Energy,Argonne National Laboratory,Executive,2026-06-25T15:19:33.765Z,False,Lrlcatconnect,
ls.aps.anl.gov,ls.aps.anl.gov,anl.gov,https://ls.aps.anl.gov/login,ls.aps.anl.gov,anl.gov,Department of Energy,Argonne National Laboratory,Executive,2026-06-25T15:27:22.808Z,False,MXCuBE,"MXCuBE-Web, the Macromolecular Xtallography Customized Beamline Environment, is a data acquisition software started in 2005 at the ESRF."
metis.aps.anl.gov,metis.aps.anl.gov,anl.gov,https://metis.aps.anl.gov/logon/LogonPoint/index.html,metis.aps.anl.gov,anl.gov,Department of Energy,Argonne National Laboratory,Executive,2026-06-25T15:13:05.839Z,False,Citrix Gateway,
millenia.cars.aps.anl.gov,millenia.cars.aps.anl.gov,anl.gov,https://millenia.cars.aps.anl.gov/,millenia.cars.aps.anl.gov,anl.gov,Department of Energy,Argonne National Laboratory,Executive,2026-06-25T15:16:28.839Z,False,CARS,
ops.aps.anl.gov,ops.aps.anl.gov,anl.gov,https://ops.aps.anl.gov/,ops.aps.anl.gov,anl.gov,Department of Energy,Argonne National Laboratory,Executive,2026-06-25T15:19:47.433Z,False,,
ops-d.aps.anl.gov,ops-d.aps.anl.gov,anl.gov,https://ops-d.aps.anl.gov/,ops-d.aps.anl.gov,anl.gov,Department of Energy,Argonne National Laboratory,Executive,2026-06-25T15:24:01.298Z,False,,
p3-rr-1.mcs.anl.gov,p3-rr-1.mcs.anl.gov,anl.gov,https://p3-rr-1.mcs.anl.gov/,p3-rr-1.mcs.anl.gov,anl.gov,Department of Energy,Argonne National Laboratory,Executive,2026-06-25T15:15:09.246Z,False,,
p3-rr-2.mcs.anl.gov,p3-rr-2.mcs.anl.gov,anl.gov,https://p3-rr-2.mcs.anl.gov/,p3-rr-2.mcs.anl.gov,anl.gov,Department of Energy,Argonne National Laboratory,Executive,2026-06-25T15:13:14.508Z,False,,
pinky.bio.aps.anl.gov,pinky.bio.aps.anl.gov,anl.gov,https://pinky.bio.aps.anl.gov/,pinky.bio.aps.anl.gov,anl.gov,Department of Energy,Argonne National Laboratory,Executive,2026-06-25T15:19:44.613Z,False,Welcome to BioCAT - BioCAT,"Get Beam time BioCAT is a national user facility funded by the NIH, and beam time is free for experimenters. Beam time is awarded through the APS GUP process, which considers feasibility and scientific merit. Learn More Get Beam time Learn More Proteins May Prevent Dysfunction and Disease by Relaxing A new study suggests many proteins remain expanded in the cell, rather than contracting into tight folded shapes. Learn More Proteins May Prevent Dysfunction and Disease by Relaxing Learn More Unearthing the Mechanism of the Frank-Starling Law Recent X-ray diffraction experiments show that the protein titin is critically important for transmitting the stretch-induced signals within the heart’s muscles known to impact the strength with which the heart contracts. This work not only solves a piece of the mystery of how the frank-Starling law determines cardiac function, but provides an avenue for targeted development of drugs to treat heart failure. Learn More Unearthing the Mechanism of the Frank-Starling Law Learn More Previous Next Science Highlights Unraveling folding pathways of dynamic DNA quadruplexes G-quadruplexes (G4s) are non-B form DNA structures containing genomic regions rich in guanine that sometimes fold into and often act as transcriptional regulators. They are frequently located at …"
remotesupport.anl.gov,remotesupport.anl.gov,anl.gov,https://remotesupport.anl.gov/,remotesupport.anl.gov,anl.gov,Department of Energy,Argonne National Laboratory,Executive,2026-06-25T15:13:24.346Z,False,Argonne Support Portal,
subversion-d.xray.aps.anl.gov,subversion-d.xray.aps.anl.gov,anl.gov,https://subversion-d.xray.aps.anl.gov/,subversion-d.xray.aps.anl.gov,anl.gov,Department of Energy,Argonne National Laboratory,Executive,2026-06-25T15:18:01.053Z,False,XRAY Subversion Server,"The Advanced Photon Source (APS) at Argonne National Laboratory is a national synchrotron x-ray research facility funded by the U.S. Department of Energy, Office of Science, Office of Basic Energy Sciences. The APS provides the brightest x-ray beams in the Western Hemisphere to more than 5,000 scientists worldwide."
subversion.xray.aps.anl.gov,subversion.xray.aps.anl.gov,anl.gov,https://subversion.xray.aps.anl.gov/,subversion.xray.aps.anl.gov,anl.gov,Department of Energy,Argonne National Laboratory,Executive,2026-06-25T15:22:20.603Z,False,XRAY Subversion Server,"The Advanced Photon Source (APS) at Argonne National Laboratory is a national synchrotron x-ray research facility funded by the U.S. Department of Energy, Office of Science, Office of Basic Energy Sciences. The APS provides the brightest x-ray beams in the Western Hemisphere to more than 5,000 scientists worldwide."
sun1.ser.aps.anl.gov,sun1.ser.aps.anl.gov,anl.gov,https://sun1.ser.aps.anl.gov/,sun1.ser.aps.anl.gov,anl.gov,Department of Energy,Argonne National Laboratory,Executive,2026-06-25T15:13:35.569Z,False,SER-CAT: Southeast Regional Collaborative Access Team,
support.nst.anl.gov,support.nst.anl.gov,anl.gov,https://support.nst.anl.gov/,support.nst.anl.gov,anl.gov,Department of Energy,Argonne National Laboratory,Executive,2026-06-25T15:29:29.714Z,False,Support Portal,
svn-d.aps.anl.gov,svn-d.aps.anl.gov,anl.gov,https://svn-d.aps.anl.gov/,svn-d.aps.anl.gov,anl.gov,Department of Energy,Argonne National Laboratory,Executive,2026-06-25T15:20:01.268Z,False,Advanced Photon Source Subversion Server,"The Advanced Photon Source (APS) at Argonne National Laboratory is a national synchrotron x-ray research facility funded by the U.S. Department of Energy, Office of Science, Office of Basic Energy Sciences. The APS provides the brightest x-ray beams in the Western Hemisphere to more than 5,000 scientists worldwide."
tantalum.nec.aps.anl.gov,tantalum.nec.aps.anl.gov,anl.gov,https://tantalum.nec.aps.anl.gov/users/sign_in,tantalum.nec.aps.anl.gov,anl.gov,Department of Energy,Argonne National Laboratory,Executive,2026-06-25T15:24:26.963Z,False,Sign in · GitLab,GitLab Community Edition
tcs.anl.gov,tcs.anl.gov,anl.gov,https://tcs.anl.gov/,tcs.anl.gov,anl.gov,Department of Energy,Argonne National Laboratory,Executive,2026-06-25T15:28:44.969Z,False,Theory and Computing Sciences Conference Center,
tomato.dnd.aps.anl.gov,tomato.dnd.aps.anl.gov,anl.gov,https://tomato.dnd.aps.anl.gov/,tomato.dnd.aps.anl.gov,anl.gov,Department of Energy,Argonne National Laboratory,Executive,2026-06-25T15:26:09.394Z,False,Welcome to DND-CAT,
tomato.ls.aps.anl.gov,tomato.ls.aps.anl.gov,anl.gov,https://tomato.ls.aps.anl.gov/login,tomato.ls.aps.anl.gov,anl.gov,Department of Energy,Argonne National Laboratory,Executive,2026-06-25T15:29:34.820Z,False,MXCuBE,"MXCuBE-Web, the Macromolecular Xtallography Customized Beamline Environment, is a data acquisition software started in 2005 at the ESRF."
visa.aps.anl.gov,visa.aps.anl.gov,anl.gov,https://visa.aps.anl.gov/+CSCOE+/logon.html#form_title_text,visa.aps.anl.gov,anl.gov,Department of Energy,Argonne National Laboratory,Executive,2026-06-25T15:26:16.950Z,False,SSL VPN Service,
aoc.gov,aoc.gov,aoc.gov,https://www.aoc.gov/,www.aoc.gov,aoc.gov,Architect of the Capitol,,Legislative,2026-06-25T15:29:14.457Z,False,"Architect of the Capitol | Serve, Preserve, Inspire","Serving Congress and the Supreme Court, the Architect of the Capitol (AOC) is the builder and steward of the landmark buildings and grounds of Capitol Hill. Our staff preserves and maintains the historic buildings, monuments, art and inspirational gardens on the Capitol campus."
apprenticeship.gov,apprenticeship.gov,apprenticeship.gov,https://www.apprenticeship.gov/,www.apprenticeship.gov,apprenticeship.gov,Department of Labor,,Executive,2026-06-25T15:30:17.853Z,True,Homepage | Apprenticeship.gov,"With Apprenticeship.gov, you have a one stop source to find apprenticeship opportunities, learn about apprenticeships and its benefits, and learn about industries supporting apprenticeships."
forms.osi.apps.mil,forms.osi.apps.mil,apps.mil,https://forms.osi.apps.mil/,forms.osi.apps.mil,apps.mil,Department of Defense,,Executive,2026-06-25T15:35:12.805Z,False,"Microsoft Forms - Free tool to create online surveys, forms, polls, and quizzes","Use Microsoft Forms to easily create online surveys, forms, quizzes and questionnaires. AI powered, free survey tool from Microsoft."
safe.apps.mil,safe.apps.mil,apps.mil,https://safe.apps.mil/my.policy,safe.apps.mil,apps.mil,Department of Defense,,Executive,2026-06-25T15:36:25.716Z,False,,
arc.gov,arc.gov,arc.gov,https://arc.gov/,arc.gov,arc.gov,Appalachian Regional Commission,,Executive,2026-06-25T15:41:45.967Z,False,Appalachian Regional Commission - Investing in Appalachia's economic future.,
pathways.arc.gov,pathways.arc.gov,arc.gov,https://pathways.arc.gov/s_Login.jsp,pathways.arc.gov,arc.gov,Appalachian Regional Commission,,Executive,2026-06-25T15:38:56.941Z,False,Pathways | Appalachian Regional Commission (ARC),
1950census.archives.gov,1950census.archives.gov,archives.gov,https://1950census.archives.gov/,1950census.archives.gov,archives.gov,National Archives and Records Administration,,Executive,2026-06-25T15:41:43.394Z,False,1950 Census - Home | 1950 Census,
annotation.blogs.archives.gov,annotation.blogs.archives.gov,archives.gov,https://annotation.blogs.archives.gov/,annotation.blogs.archives.gov,archives.gov,National Archives and Records Administration,,Executive,2026-06-25T15:35:18.346Z,False,Annotation – A blog of the National Historical Publications and Records Commission,
aotus11.blogs.archives.gov,aotus11.blogs.archives.gov,archives.gov,https://aotus11.blogs.archives.gov/,aotus11.blogs.archives.gov,archives.gov,National Archives and Records Administration,,Executive,2026-06-25T15:31:33.950Z,False,This is the retired blog of the 11th Archivist of the United States Dr. Colleen Shogan. Comments are closed.,
aotus.blogs.archives.gov,aotus.blogs.archives.gov,archives.gov,https://aotus.blogs.archives.gov/,aotus.blogs.archives.gov,archives.gov,National Archives and Records Administration,,Executive,2026-06-25T15:33:28.915Z,False,This is the retired blog of the 10th Archivist of the United States David S. Ferriero. Comments are closed.,
archie.archives.gov,archie.archives.gov,archives.gov,https://archie.archives.gov/,archie.archives.gov,archives.gov,National Archives and Records Administration,,Executive,2026-06-25T15:38:53.087Z,False,NARA - ArchieAI,
archives.gov,archives.gov,archives.gov,https://www.archives.gov/,www.archives.gov,archives.gov,National Archives and Records Administration,,Executive,2026-06-25T15:40:29.759Z,False,National Archives | Home,
arcis.archives.gov,arcis.archives.gov,archives.gov,https://arcis.archives.gov/arcis/start.swe?SWECmd=Start&SWEHo=arcis.archives.gov,arcis.archives.gov,archives.gov,National Archives and Records Administration,,Executive,2026-06-25T15:36:29.727Z,False,1.ARCIS 11.4.0 On Siebel 15.18,
bidenwhitehouse.archives.gov,bidenwhitehouse.archives.gov,archives.gov,https://bidenwhitehouse.archives.gov/,bidenwhitehouse.archives.gov,archives.gov,National Archives and Records Administration,,Executive,2026-06-25T15:41:43.788Z,False,The White House,President Biden and Vice President Harris promised to move quickly to deliver results for working families. That’s what they’ve done.
catalog.archives.gov,catalog.archives.gov,archives.gov,https://catalog.archives.gov/,catalog.archives.gov,archives.gov,National Archives and Records Administration,,Executive,2026-06-25T15:44:40.414Z,False,National Archives Catalog,"The online portal to the records held at the National Archives, and information about those records."
civics.archives.gov,civics.archives.gov,archives.gov,https://civics.archives.gov/,civics.archives.gov,archives.gov,National Archives and Records Administration,,Executive,2026-06-25T15:30:23.546Z,False,Homepage | Civics for All of US,
clintonwhitehouse3.archives.gov,clintonwhitehouse3.archives.gov,archives.gov,https://clintonwhitehouse3.archives.gov/,clintonwhitehouse3.archives.gov,archives.gov,National Archives and Records Administration,,Executive,2026-06-25T15:36:34.864Z,False,Welcome To The White House,
clintonwhitehouse4.archives.gov,clintonwhitehouse4.archives.gov,archives.gov,https://clintonwhitehouse4.archives.gov/,clintonwhitehouse4.archives.gov,archives.gov,National Archives and Records Administration,,Executive,2026-06-25T15:38:56.340Z,False,Welcome To The White House,
clintonwhitehouse5.archives.gov,clintonwhitehouse5.archives.gov,archives.gov,https://clintonwhitehouse5.archives.gov/,clintonwhitehouse5.archives.gov,archives.gov,National Archives and Records Administration,,Executive,2026-06-25T15:33:27.730Z,False,Welcome To The White House,
clintonwhitehouse6.archives.gov,clintonwhitehouse6.archives.gov,archives.gov,https://clintonwhitehouse6.archives.gov/,clintonwhitehouse6.archives.gov,archives.gov,National Archives and Records Administration,,Executive,2026-06-25T15:31:33.015Z,False,Clinton Presidential Materials Project White House Virtual Library,
cmrsanalytics.archives.gov,cmrsanalytics.archives.gov,archives.gov,https://cmrsanalytics.archives.gov/analytics/saw.dll?bieehome&startPage=1,cmrsanalytics.archives.gov,archives.gov,National Archives and Records Administration,,Executive,2026-06-25T15:41:50.093Z,False,Oracle Business Intelligence Sign In,
crcca.archives.gov,crcca.archives.gov,archives.gov,https://crcca.archives.gov/,crcca.archives.gov,archives.gov,National Archives and Records Administration,,Executive,2026-06-25T15:43:11.498Z,False,Homepage | Civil Rights Cold Case Records Portal,
crisisnextdoor.trumpwhitehouse.archives.gov,crisisnextdoor.trumpwhitehouse.archives.gov,archives.gov,https://crisisnextdoor.trumpwhitehouse.archives.gov/,crisisnextdoor.trumpwhitehouse.archives.gov,archives.gov,National Archives and Records Administration,,Executive,2026-06-25T15:35:18.797Z,False,Opioids: The Crisis Next Door - Stories of the Opioid Epidemic,This year more than 2 million Americans will suffer from opioid addiction. Watch the stories of diverse Americans who have been impacted by this epidemic.
declassification.blogs.archives.gov,declassification.blogs.archives.gov,archives.gov,https://declassification.blogs.archives.gov/,declassification.blogs.archives.gov,archives.gov,National Archives and Records Administration,,Executive,2026-06-25T15:31:37.785Z,False,"The NDC Blog – Releasing all we can, protecting what we must","Releasing all we can, protecting what we must"
education.blogs.archives.gov,education.blogs.archives.gov,archives.gov,https://education.blogs.archives.gov/,education.blogs.archives.gov,archives.gov,National Archives and Records Administration,,Executive,2026-06-25T15:43:20.922Z,False,Education Updates – Sharing teaching and learning resources from the National Archives,
eservices.archives.gov,eservices.archives.gov,archives.gov,https://eservices.archives.gov/orderonline/start.swe?SWECmd=Start&SWEHo=eservices.archives.gov,eservices.archives.gov,archives.gov,National Archives and Records Administration,,Executive,2026-06-25T15:42:01.401Z,False,Request and Order Reproductions..,
estore.archives.gov,estore.archives.gov,archives.gov,https://estore.archives.gov/,estore.archives.gov,archives.gov,National Archives and Records Administration,,Executive,2026-06-25T15:44:38.101Z,False,National Archives and Records Administration Redirect,
fdr.blogs.archives.gov,fdr.blogs.archives.gov,archives.gov,https://fdr.blogs.archives.gov/,fdr.blogs.archives.gov,archives.gov,National Archives and Records Administration,,Executive,2026-06-25T15:33:29.877Z,False,Forward with Roosevelt – The blog of the Franklin D. Roosevelt Presidential Library and Museum,
fixity-check.blogs.archives.gov,fixity-check.blogs.archives.gov,archives.gov,https://fixity-check.blogs.archives.gov/,fixity-check.blogs.archives.gov,archives.gov,National Archives and Records Administration,,Executive,2026-06-25T15:41:58.224Z,False,Fixity Check – Digital Preservation at the National Archives,
foia.blogs.archives.gov,foia.blogs.archives.gov,archives.gov,https://foia.blogs.archives.gov/,foia.blogs.archives.gov,archives.gov,National Archives and Records Administration,,Executive,2026-06-25T15:31:38.983Z,False,The FOIA Ombuds – Building a Better FOIA Process,
ford.blogs.archives.gov,ford.blogs.archives.gov,archives.gov,https://ford.blogs.archives.gov/,ford.blogs.archives.gov,archives.gov,National Archives and Records Administration,,Executive,2026-06-25T15:43:21.259Z,False,Ford in Focus,
founders.archives.gov,founders.archives.gov,archives.gov,https://founders.archives.gov/,founders.archives.gov,archives.gov,National Archives and Records Administration,,Executive,2026-06-25T15:36:43.138Z,False,Founders Online: Home,"Founders Online: Correspondence and Other Writings of Seven Major Shapers of the United States (George Washington, Benjamin Franklin, John Adams, Thomas Jefferson, Alexander Hamilton, John Jay, James Madison)"
georgewbush-whitehouse.archives.gov,georgewbush-whitehouse.archives.gov,archives.gov,https://georgewbush-whitehouse.archives.gov/,georgewbush-whitehouse.archives.gov,archives.gov,National Archives and Records Administration,,Executive,2026-06-25T15:35:19.356Z,False,Welcome to the White House,"Whitehouse.gov is the official web site for the White House and President George W. Bush, the 43rd President of the United States. This site is a source for information about the President, White House news and policies, White House history, the federal government"
hoover.archives.gov,hoover.archives.gov,archives.gov,https://hoover.archives.gov/,hoover.archives.gov,archives.gov,National Archives and Records Administration,,Executive,2026-06-25T15:31:38.662Z,False,Herbert Hoover Presidential Library-Museum | The Herbert Hoover Presidential Library and Museum,
hoover.blogs.archives.gov,hoover.blogs.archives.gov,archives.gov,https://hoover.blogs.archives.gov/,hoover.blogs.archives.gov,archives.gov,National Archives and Records Administration,,Executive,2026-06-25T15:39:03.157Z,False,Hoover Heads – The blog of the Herbert Hoover Library and Museum,
isoo.blogs.archives.gov,isoo.blogs.archives.gov,archives.gov,https://isoo.blogs.archives.gov/,isoo.blogs.archives.gov,archives.gov,National Archives and Records Administration,,Executive,2026-06-25T15:40:31.667Z,False,"CUI Program Blog – Blog of the Controlled Unclassified Information Program, Information Security Oversight Office, NARA","Blog of the Controlled Unclassified Information Program, Information Security Oversight Office, NARA"
isoo-overview.blogs.archives.gov,isoo-overview.blogs.archives.gov,archives.gov,https://isoo-overview.blogs.archives.gov/,isoo-overview.blogs.archives.gov,archives.gov,National Archives and Records Administration,,Executive,2026-06-25T15:36:46.473Z,False,ISOO Overview,
jfk.blogs.archives.gov,jfk.blogs.archives.gov,archives.gov,https://jfk.blogs.archives.gov/,jfk.blogs.archives.gov,archives.gov,National Archives and Records Administration,,Executive,2026-06-25T15:30:31.123Z,False,The JFK Library Archives: An Inside Look,
jfklibrary.archives.gov,jfklibrary.archives.gov,archives.gov,https://jfklibrary.archives.gov/,jfklibrary.archives.gov,archives.gov,National Archives and Records Administration,,Executive,2026-06-25T15:41:55.203Z,False,The John F. Kennedy Presidential Library and Museum,
lbjlibrary.archives.gov,lbjlibrary.archives.gov,archives.gov,https://lbjlibrary.archives.gov/,lbjlibrary.archives.gov,archives.gov,National Archives and Records Administration,,Executive,2026-06-25T15:44:43.299Z,False,Lyndon B. Johnson Presidential Library and Museum,
letsmove.obamawhitehouse.archives.gov,letsmove.obamawhitehouse.archives.gov,archives.gov,https://letsmove.obamawhitehouse.archives.gov/,letsmove.obamawhitehouse.archives.gov,archives.gov,National Archives and Records Administration,,Executive,2026-06-25T15:39:04.054Z,False,Let's Move!,
milrecs.archives.gov,milrecs.archives.gov,archives.gov,https://milrecs.archives.gov/s/login/?ec=302&startURL=%2Fs%2F,milrecs.archives.gov,archives.gov,National Archives and Records Administration,,Executive,2026-06-25T15:31:45.087Z,False,Login,
narations.blogs.archives.gov,narations.blogs.archives.gov,archives.gov,https://narations.blogs.archives.gov/,narations.blogs.archives.gov,archives.gov,National Archives and Records Administration,,Executive,2026-06-25T15:44:50.357Z,False,NARAtions – Inspiring exploration of our nation's past through digital access and engagement,
obamalibrary.archives.gov,obamalibrary.archives.gov,archives.gov,https://obamalibrary.archives.gov/#event-number-86,obamalibrary.archives.gov,archives.gov,National Archives and Records Administration,,Executive,2026-06-25T15:42:10.578Z,False,Barack Obama Presidential Library | Barack Obama Presidential Library,
obamawhitehouse.archives.gov,obamawhitehouse.archives.gov,archives.gov,https://obamawhitehouse.archives.gov/,obamawhitehouse.archives.gov,archives.gov,National Archives and Records Administration,,Executive,2026-06-25T15:35:32.820Z,False,The White House | whitehouse.gov,"See the President's daily schedule, explore behind-the-scenes photos from inside the White House, and find out all the ways you can engage with the most interactive administration in our country's history."
open.obamawhitehouse.archives.gov,open.obamawhitehouse.archives.gov,archives.gov,https://open.obamawhitehouse.archives.gov/,open.obamawhitehouse.archives.gov,archives.gov,National Archives and Records Administration,,Executive,2026-06-25T15:35:33.304Z,False,Welcome | open.obamawhitehouse.gov,
petitions.obamawhitehouse.archives.gov,petitions.obamawhitehouse.archives.gov,archives.gov,https://petitions.obamawhitehouse.archives.gov/,petitions.obamawhitehouse.archives.gov,archives.gov,National Archives and Records Administration,,Executive,2026-06-25T15:37:00.116Z,False,,
petitions.trumpwhitehouse.archives.gov,petitions.trumpwhitehouse.archives.gov,archives.gov,https://petitions.trumpwhitehouse.archives.gov/,petitions.trumpwhitehouse.archives.gov,archives.gov,National Archives and Records Administration,,Executive,2026-06-25T15:31:42.968Z,False,Petition the White House on the Issues that Matter to You | We the People: Your Voice in Our Government,
prologue.blogs.archives.gov,prologue.blogs.archives.gov,archives.gov,https://prologue.blogs.archives.gov/,prologue.blogs.archives.gov,archives.gov,National Archives and Records Administration,,Executive,2026-06-25T15:42:06.827Z,False,Pieces of History – A blog of the U.S. National Archives,
qaarcis.archives.gov,qaarcis.archives.gov,archives.gov,https://qaarcis.archives.gov/arcis/start.swe?SWECmd=Start&SWEHo=qaarcis.archives.gov,qaarcis.archives.gov,archives.gov,National Archives and Records Administration,,Executive,2026-06-25T15:35:31.537Z,False,1.ARCIS Online,
qaorderonline.archives.gov,qaorderonline.archives.gov,archives.gov,https://qaorderonline.archives.gov/orderonline/start.swe?SWECmd=Start&SWEHo=qaorderonline.archives.gov,qaorderonline.archives.gov,archives.gov,National Archives and Records Administration,,Executive,2026-06-25T15:30:33.218Z,False,Message:,
reach.archives.gov,reach.archives.gov,archives.gov,https://reach.archives.gov/,reach.archives.gov,archives.gov,National Archives and Records Administration,,Executive,2026-06-25T15:30:33.844Z,False,Reach: Sign In,
reagan.blogs.archives.gov,reagan.blogs.archives.gov,archives.gov,https://reagan.blogs.archives.gov/,reagan.blogs.archives.gov,archives.gov,National Archives and Records Administration,,Executive,2026-06-25T15:36:54.132Z,False,The Reagan Library Education Blog,
reaganlibrary.archives.gov,reaganlibrary.archives.gov,archives.gov,https://reaganlibrary.archives.gov/,reaganlibrary.archives.gov,archives.gov,National Archives and Records Administration,,Executive,2026-06-25T15:31:43.762Z,False,Ronald Reagan Presidential Library & Museum | Ronald Reagan,
records-express.blogs.archives.gov,records-express.blogs.archives.gov,archives.gov,https://records-express.blogs.archives.gov/,records-express.blogs.archives.gov,archives.gov,National Archives and Records Administration,,Executive,2026-06-25T15:33:40.637Z,False,Records Express – The Blog of the Chief Records Officer for the U.S. Government,
rediscovering-black-history.blogs.archives.gov,rediscovering-black-history.blogs.archives.gov,archives.gov,https://rediscovering-black-history.blogs.archives.gov/,rediscovering-black-history.blogs.archives.gov,archives.gov,National Archives and Records Administration,,Executive,2026-06-25T15:30:37.489Z,False,Rediscovering Black History – Exploring records relating to African Americans,Exploring records relating to African Americans
situationroom.archives.gov,situationroom.archives.gov,archives.gov,https://situationroom.archives.gov/,situationroom.archives.gov,archives.gov,National Archives and Records Administration,,Executive,2026-06-25T15:43:27.166Z,False,Home | Situation Room Experience,
text-message.blogs.archives.gov,text-message.blogs.archives.gov,archives.gov,https://text-message.blogs.archives.gov/,text-message.blogs.archives.gov,archives.gov,National Archives and Records Administration,,Executive,2026-06-25T15:40:39.144Z,False,The Text Message – Blog of the Textual Records Division at the National Archives,
training.archives.gov,training.archives.gov,archives.gov,https://training.archives.gov/nara-login/?v=1&destination=/,training.archives.gov,archives.gov,National Archives and Records Administration,,Executive,2026-06-25T15:30:30.878Z,False,Login,
transfer.archives.gov,transfer.archives.gov,archives.gov,https://transfer.archives.gov/,transfer.archives.gov,archives.gov,National Archives and Records Administration,,Executive,2026-06-25T15:37:31.397Z,False,"WARNING! You are accessing a U.S. Government information system, which includes",
transforming-classification.blogs.archives.gov,transforming-classification.blogs.archives.gov,archives.gov,https://transforming-classification.blogs.archives.gov/,transforming-classification.blogs.archives.gov,archives.gov,National Archives and Records Administration,,Executive,2026-06-25T15:42:12.527Z,False,"Transforming Classification – The blog of the Public Interest Declassification Board, hosted by the National Archives",
trumpwhitehouse.archives.gov,trumpwhitehouse.archives.gov,archives.gov,https://trumpwhitehouse.archives.gov/,trumpwhitehouse.archives.gov,archives.gov,National Archives and Records Administration,,Executive,2026-06-25T15:39:09.214Z,False,The White House – The White House,
unwritten-record.blogs.archives.gov,unwritten-record.blogs.archives.gov,archives.gov,https://unwritten-record.blogs.archives.gov/,unwritten-record.blogs.archives.gov,archives.gov,National Archives and Records Administration,,Executive,2026-06-25T15:31:49.604Z,False,The Unwritten Record – Exploring History with the National Archives Special Media Division,
vetrecs.archives.gov,vetrecs.archives.gov,archives.gov,https://vetrecs.archives.gov/s/,vetrecs.archives.gov,archives.gov,National Archives and Records Administration,,Executive,2026-06-25T15:39:18.251Z,False,Home,
visit.archives.gov,visit.archives.gov,archives.gov,https://visit.archives.gov/,visit.archives.gov,archives.gov,National Archives and Records Administration,,Executive,2026-06-25T15:40:40.674Z,False,"The National Archives in Washington, DC | National Archives Museum","The museum wing of the National Archives, the National Archives Museum is the home of the Declaration of Independence, Constitution, and Bill of Rights. Open daily 10 a.m. to 5:30 p.m. Located at 701 Constitution Ave., NW, Washington, DC 20408. Admission is always free."
arctic.gov,arctic.gov,arctic.gov,https://arctic.gov/,arctic.gov,arctic.gov,Arctic Research Commission,,Executive,2026-06-25T15:43:34.842Z,True,Home - US Arctic Research Commission,
arcus.mil,arcus.mil,arcus.mil,https://arcus.mil/notice,arcus.mil,arcus.mil,Department of Defense,,Executive,2026-06-25T15:45:01.042Z,False,,
arlingtoncemetery.mil,arlingtoncemetery.mil,arlingtoncemetery.mil,https://arlingtoncemetery.mil/,arlingtoncemetery.mil,arlingtoncemetery.mil,Department of Defense,,Executive,2026-06-25T15:42:37.805Z,False,Arlington National Cemetery - Home,
education.arlingtoncemetery.mil,education.arlingtoncemetery.mil,arlingtoncemetery.mil,https://education.arlingtoncemetery.mil/,education.arlingtoncemetery.mil,arlingtoncemetery.mil,Department of Defense,,Executive,2026-06-25T15:37:38.692Z,False,Education > Home,
adc.arm.gov,adc.arm.gov,arm.gov,https://adc.arm.gov/discovery/,adc.arm.gov,arm.gov,Department of Energy,Battelle Pacific Northwest National Laboratory,Executive,2026-06-25T15:30:39.892Z,False,Data Discovery,"Author: Kyle K Dumas, Wade J Darnell, Michael C Crow & Chirag H Shah, Publisher: Atmospheric Radiation Measurement Data Center (ADC), Keywords: Atmospheric Radiation Measurement, ARM, Atmospheric Radiation Measurement Data Center, ADC, Data Discovery"
arm.gov,arm.gov,arm.gov,https://arm.gov/,arm.gov,arm.gov,Department of Energy,Battelle Pacific Northwest National Laboratory,Executive,2026-06-25T15:45:05.003Z,True,ARM | Atmospheric Radiation Measurement (ARM) User Facility,
armgov.svcs.arm.gov,armgov.svcs.arm.gov,arm.gov,https://armgov.svcs.arm.gov/,armgov.svcs.arm.gov,arm.gov,Department of Energy,Battelle Pacific Northwest National Laboratory,Executive,2026-06-25T15:43:41.257Z,True,ARM | Atmospheric Radiation Measurement (ARM) User Facility,
asr.arm.gov,asr.arm.gov,arm.gov,https://asr.arm.gov/,asr.arm.gov,arm.gov,Department of Energy,Battelle Pacific Northwest National Laboratory,Executive,2026-06-25T15:39:22.331Z,False,ASR - Atmospheric System Research,
code.arm.gov,code.arm.gov,arm.gov,https://code.arm.gov/users/sign_in,code.arm.gov,arm.gov,Department of Energy,Battelle Pacific Northwest National Laboratory,Executive,2026-06-25T15:30:37.314Z,False,Sign in · GitLab,code.arm.gov
dq.arm.gov,dq.arm.gov,arm.gov,https://dq.arm.gov/#/,dq.arm.gov,arm.gov,Department of Energy,Battelle Pacific Northwest National Laboratory,Executive,2026-06-25T15:31:54.389Z,False,ARM Data Quality Office,
dq-explorer-ui.svcs.arm.gov,dq-explorer-ui.svcs.arm.gov,arm.gov,https://dq-explorer-ui.svcs.arm.gov/#/,dq-explorer-ui.svcs.arm.gov,arm.gov,Department of Energy,Battelle Pacific Northwest National Laboratory,Executive,2026-06-25T15:33:56.689Z,False,DQ-Explorer,ARM Data Quality Explorer application for inspecting ARM instrument data via metrics tables & plots.
dq-plotbrowser-ui.svcs.arm.gov,dq-plotbrowser-ui.svcs.arm.gov,arm.gov,https://dq-plotbrowser-ui.svcs.arm.gov/,dq-plotbrowser-ui.svcs.arm.gov,arm.gov,Department of Energy,Battelle Pacific Northwest National Laboratory,Executive,2026-06-25T15:45:07.029Z,False,DQ Plotbrowser,
dq-zoom-ui.svcs.arm.gov,dq-zoom-ui.svcs.arm.gov,arm.gov,https://dq-zoom-ui.svcs.arm.gov/,dq-zoom-ui.svcs.arm.gov,arm.gov,Department of Energy,Battelle Pacific Northwest National Laboratory,Executive,2026-06-25T15:35:48.569Z,False,DQ-Zoom Plotter,
jupyterhub.arm.gov,jupyterhub.arm.gov,arm.gov,https://jupyterhub.arm.gov/hub/login?next=%2Fhub%2F,jupyterhub.arm.gov,arm.gov,Department of Energy,Battelle Pacific Northwest National Laboratory,Executive,2026-06-25T15:39:18.303Z,False,Workbench JupyterHub,
keycloak.svcs.arm.gov,keycloak.svcs.arm.gov,arm.gov,https://keycloak.svcs.arm.gov/auth/,keycloak.svcs.arm.gov,arm.gov,Department of Energy,Battelle Pacific Northwest National Laboratory,Executive,2026-06-25T15:43:33.236Z,False,Welcome to Keycloak,
lasso-ena-doc.arm.gov,lasso-ena-doc.arm.gov,arm.gov,https://lasso-ena-doc.arm.gov/latest/index.html,lasso-ena-doc.arm.gov,arm.gov,Department of Energy,Battelle Pacific Northwest National Laboratory,Executive,2026-06-25T15:33:52.282Z,False,Description of the LASSO-ENA Activity: A LASSO Scenario for Marine Cellular Convection — LASSO-ENA 0.0.1 documentation,
pcm.arm.gov,pcm.arm.gov,arm.gov,https://pcm.arm.gov/,pcm.arm.gov,arm.gov,Department of Energy,Battelle Pacific Northwest National Laboratory,Executive,2026-06-25T15:31:53.560Z,False,,
task.arm.gov,task.arm.gov,arm.gov,https://task.arm.gov/,task.arm.gov,arm.gov,Department of Energy,Battelle Pacific Northwest National Laboratory,Executive,2026-06-25T15:43:34.766Z,False,HTTP Server Test Page powered by: Rocky Linux,
yum.arm.gov,yum.arm.gov,arm.gov,https://yum.arm.gov/,yum.arm.gov,arm.gov,Department of Energy,Battelle Pacific Northwest National Laboratory,Executive,2026-06-25T15:37:27.749Z,False,,
8tharmy.korea.army.mil,8tharmy.korea.army.mil,army.mil,https://8tharmy.korea.army.mil/site/,8tharmy.korea.army.mil,army.mil,Department of Defense,Army,Executive,2026-06-25T15:37:51.401Z,False,The Official Home Page of the Eighth Army - Eighth Army | The United States Army,"Forward-deployed and combat ready, Eighth Army serves as a disciplined and lethal partner of the Combined, Joint Force securing the Republic of Korea."
ac.devcom.army.mil,ac.devcom.army.mil,army.mil,https://ac.devcom.army.mil/,ac.devcom.army.mil,army.mil,Department of Defense,Army,Executive,2026-06-25T15:34:13.541Z,False,Home - Armaments Center,The DEVCOM Armaments Center's mission is to lead innovative research and lifecycle engineering of armaments solutions.The DEVCOM Armaments Center's vision is
actsonline.army.mil,actsonline.army.mil,army.mil,https://actsonline.army.mil/gui/Login.aspx?ReturnUrl=%2f,actsonline.army.mil,army.mil,Department of Defense,Army,Executive,2026-06-25T15:43:37.904Z,False,ACTS Online,
amcomdmz.redstone.army.mil,amcomdmz.redstone.army.mil,army.mil,https://amcomdmz.redstone.army.mil/,amcomdmz.redstone.army.mil,army.mil,Department of Defense,Army,Executive,2026-06-25T15:34:07.349Z,False,,
anad.army.mil,anad.army.mil,army.mil,https://anad.army.mil/,anad.army.mil,army.mil,Department of Defense,Army,Executive,2026-06-25T15:45:17.892Z,False,ANAD Home,
api.army.mil,api.army.mil,army.mil,https://api.army.mil/,api.army.mil,army.mil,Department of Defense,Army,Executive,2026-06-25T15:40:51.713Z,False,L5 Swagger UI,
apps.asc.army.mil,apps.asc.army.mil,army.mil,https://apps.asc.army.mil/,apps.asc.army.mil,army.mil,Department of Defense,Army,Executive,2026-06-25T15:35:45.406Z,False,CAMP,
arl.devcom.army.mil,arl.devcom.army.mil,army.mil,https://arl.devcom.army.mil/,arl.devcom.army.mil,army.mil,Department of Defense,Army,Executive,2026-06-25T15:37:57.409Z,False,Home - DEVCOM Army Research Laboratory,"Our mission is to execute globally recognized fundamental research to accelerate delivery of war-winning, disruptive technologies for tomorrow's Army"
armycemeteries.army.mil,armycemeteries.army.mil,army.mil,https://armycemeteries.army.mil/,armycemeteries.army.mil,army.mil,Department of Defense,Army,Executive,2026-06-25T15:35:52.321Z,False,Office of Army Cemeteries > Home,
armypubs.army.mil,armypubs.army.mil,army.mil,https://armypubs.army.mil/,armypubs.army.mil,army.mil,Department of Defense,Army,Executive,2026-06-25T15:39:39.510Z,True,Army Publishing Directorate,
armyrotc.army.mil,armyrotc.army.mil,army.mil,https://armyrotc.army.mil/,armyrotc.army.mil,army.mil,Department of Defense,Army,Executive,2026-06-25T15:44:27.220Z,False,,"Training Opportunities Click or hover over any picture to see captions and click ""Learn More"" to view more information on the event.     CURRENT CADETS  Learn More    CADRE & STAFF  Learn More    COMMUNITY  Learn More    Army"
asc.army.mil,asc.army.mil,army.mil,https://asc.army.mil/web/,asc.army.mil,army.mil,Department of Defense,Army,Executive,2026-06-25T15:30:53.343Z,False,USAASC - United States Army Acquisition Support Center,"U.S. Army Acquisition Support Center (USAASC) is a direct reporting unit under Assistant Secretary of the Army for Acquisition, Logistics, and Technology (ASA(ALT)), based at Fort Belvoir, Va."
atec.army.mil,atec.army.mil,army.mil,https://atec.army.mil/,atec.army.mil,army.mil,Department of Defense,Army,Executive,2026-06-25T15:41:08.116Z,False,Home - ATEC,"Accelerating Army Transformation Through Trusted Test and Evaluation The U.S. Army Test and Evaluation Command (ATEC) delivers fast, credible, data-driven"
automation.hub.chra.army.mil,automation.hub.chra.army.mil,army.mil,https://automation.hub.chra.army.mil/login,automation.hub.chra.army.mil,army.mil,Department of Defense,Army,Executive,2026-06-25T15:36:02.447Z,False,EMPReS - Automation Hub,
avmc.devcom.army.mil,avmc.devcom.army.mil,army.mil,https://avmc.devcom.army.mil/,avmc.devcom.army.mil,army.mil,Department of Defense,Army,Executive,2026-06-25T15:42:50.635Z,False,Aviation & Missile Center,
c5isrcenter.devcom.army.mil,c5isrcenter.devcom.army.mil,army.mil,https://c5isrcenter.devcom.army.mil/,c5isrcenter.devcom.army.mil,army.mil,Department of Defense,Army,Executive,2026-06-25T15:45:43.085Z,False,Home - Combat Capabilities Development Command C5ISR Center,"C5ISR Center's mission is to enable the networked Warfighter by identifying, developing, and rapidly integrating innovative technologies that enable decisive"
career-satisfaction.army.mil,career-satisfaction.army.mil,army.mil,https://career-satisfaction.army.mil/,career-satisfaction.army.mil,army.mil,Department of Defense,Army,Executive,2026-06-25T15:38:08.130Z,False,Army Career Satisfaction Program,"The Army Career Satisfaction Program allows ROTC and West Point cadets three options to shape their Army experience. They can choose their first post of assignment, their Army basic branch, or fully funded graduate study at the school of their choice. Learn more here."
cbc.devcom.army.mil,cbc.devcom.army.mil,army.mil,https://www.cbc.devcom.army.mil/,www.cbc.devcom.army.mil,army.mil,Department of Defense,Army,Executive,2026-06-25T15:42:50.729Z,False,Home - DEVCOM CBC,"At DEVCOM Chemical Biological Center, we possess an unrivaled chemical biological research and development infrastructure with scientists,"
cecom.army.mil,cecom.army.mil,army.mil,https://cecom.army.mil/,cecom.army.mil,army.mil,Department of Defense,Army,Executive,2026-06-25T15:30:49.955Z,False,Home | CECOM,"The U.S. Army Communications-Electronics Command (CECOM) sustains and delivers command, control, communications, computers, cyber, intelligence, surveillance, and reconnaissance (C5ISR) readiness for American Soldiers."
chess.army.mil,chess.army.mil,army.mil,https://chess.army.mil/,chess.army.mil,army.mil,Department of Defense,Army,Executive,2026-06-25T15:39:41.693Z,False,CHESS IT e-mart,
cornerstone.army.mil,cornerstone.army.mil,army.mil,https://cornerstone.army.mil/,cornerstone.army.mil,army.mil,Department of Defense,Army,Executive,2026-06-25T15:45:34.236Z,False,Cornerstone,
cpeisw.army.mil,cpeisw.army.mil,army.mil,https://cpeisw.army.mil/,cpeisw.army.mil,army.mil,Department of Defense,Army,Executive,2026-06-25T15:41:15.709Z,False,CPE ISW – Capability Program Executive for Intelligence & Spectrum Warfare,CPE ISW – Capability Program Executive for Intelligence & Spectrum Warfare
cptrack.usace.army.mil,cptrack.usace.army.mil,army.mil,https://cptrack.usace.army.mil/,cptrack.usace.army.mil,army.mil,Department of Defense,Army,Executive,2026-06-25T15:32:11.437Z,False,U.S. Army Corps of Engineers,Home Page of USACE
ctcodin.t2com.army.mil,ctcodin.t2com.army.mil,army.mil,https://ctcodin.t2com.army.mil/,ctcodin.t2com.army.mil,army.mil,Department of Defense,Army,Executive,2026-06-25T15:38:29.476Z,False,ODIN - OE Data Integration Network,
cwms-data.usace.army.mil,cwms-data.usace.army.mil,army.mil,https://cwms-data.usace.army.mil/,cwms-data.usace.army.mil,army.mil,Department of Defense,Army,Executive,2026-06-25T15:41:00.360Z,False,,
devcom.army.mil,devcom.army.mil,army.mil,https://devcom.army.mil/,devcom.army.mil,army.mil,Department of Defense,Army,Executive,2026-06-25T15:45:48.996Z,False,Home - DEVCOM HQ,"As part of the U.S. Army Transformation and Training Command (T2COM), DEVCOM’s talented military and Civilian professionals enable persistent research and"
ecolibrary.sec.usace.army.mil,ecolibrary.sec.usace.army.mil,army.mil,https://ecolibrary.sec.usace.army.mil/,ecolibrary.sec.usace.army.mil,army.mil,Department of Defense,Army,Executive,2026-06-25T15:43:58.949Z,False,Ecosystem Restoration Planning Center of Expertise Model Library,
federation.eams.army.mil,federation.eams.army.mil,army.mil,https://federation.eams.army.mil/,federation.eams.army.mil,army.mil,Department of Defense,Army,Executive,2026-06-25T15:38:26.640Z,False,EAMS-A Single Sign-On,
fifeanddrum.army.mil,fifeanddrum.army.mil,army.mil,https://fifeanddrum.army.mil/,fifeanddrum.army.mil,army.mil,Department of Defense,Army,Executive,2026-06-25T15:45:47.001Z,False,The United States Army Old Guard Fife and Drum Corps,
foia.army.mil,foia.army.mil,army.mil,https://foia.army.mil/,foia.army.mil,army.mil,Department of Defense,Army,Executive,2026-06-25T15:40:01.835Z,True,FOIA Reading Room,
gcss.army.mil,gcss.army.mil,army.mil,https://gcss.army.mil/,gcss.army.mil,army.mil,Department of Defense,Army,Executive,2026-06-25T15:39:55.733Z,False,Home Page,
geospatial-lrp.usace.army.mil,geospatial-lrp.usace.army.mil,army.mil,https://geospatial-lrp.usace.army.mil/,geospatial-lrp.usace.army.mil,army.mil,Department of Defense,Army,Executive,2026-06-25T15:31:05.097Z,False,"Geospatial Section, Pittsburgh District, U.S. Army Corps of Engineers",
gomo.army.mil,gomo.army.mil,army.mil,https://gomo.army.mil/,gomo.army.mil,army.mil,Department of Defense,Army,Executive,2026-06-25T15:38:28.549Z,False,General Officer Management Office,
gvsc.devcom.army.mil,gvsc.devcom.army.mil,army.mil,https://gvsc.devcom.army.mil/,gvsc.devcom.army.mil,army.mil,Department of Defense,Army,Executive,2026-06-25T15:44:27.252Z,False,Home - Ground Vehicle Systems Center,GVSC continues to serve as the Department of Defense’s technology laboratory and engineering center of excellence for all ground vehicle advancement and
history.redstone.army.mil,history.redstone.army.mil,army.mil,https://history.redstone.army.mil/,history.redstone.army.mil,army.mil,Department of Defense,Army,Executive,2026-06-25T15:42:47.919Z,False,The United States Army | Redstone Arsenal Historical Information,
home.army.mil,home.army.mil,army.mil,https://home.army.mil/imcom/garrisons,home.army.mil,army.mil,Department of Defense,Army,Executive,2026-06-25T15:35:28.789Z,False,Army Garrisons :: U.S. Army Installation Management Command,List of IMCOM garrisons
icamportal.us.army.mil,icamportal.us.army.mil,army.mil,https://icamportal.us.army.mil/welcome,icamportal.us.army.mil,army.mil,Department of Defense,Army,Executive,2026-06-25T15:45:58.826Z,False,Welcome // ICAM Portal,
iperms.hrc.army.mil,iperms.hrc.army.mil,army.mil,https://iperms.hrc.army.mil/login/,iperms.hrc.army.mil,army.mil,Department of Defense,Army,Executive,2026-06-25T15:34:37.382Z,False,iPERMS RMA,
irav.safety.army.mil,irav.safety.army.mil,army.mil,https://irav.safety.army.mil/,irav.safety.army.mil,army.mil,Department of Defense,Army,Executive,2026-06-25T15:36:10.704Z,False,Welcome to iRAV,
iwrlibrary.sec.usace.army.mil,iwrlibrary.sec.usace.army.mil,army.mil,https://iwrlibrary.sec.usace.army.mil/,iwrlibrary.sec.usace.army.mil,army.mil,Department of Defense,Army,Executive,2026-06-25T15:36:10.906Z,False,Institute for Water Resources (IWR) Library,
jalbtcx.usace.army.mil,jalbtcx.usace.army.mil,army.mil,https://jalbtcx.usace.army.mil/,jalbtcx.usace.army.mil,army.mil,Department of Defense,Army,Executive,2026-06-25T15:38:44.638Z,False,JALBTCX - Joint Airborne Lidar Bathymetry Technical Center of Expertise,JALBTCX - Joint Airborne Lidar Bathymetry Technical Center of Expertise
jecop.usace.army.mil,jecop.usace.army.mil,army.mil,https://jecop.usace.army.mil/,jecop.usace.army.mil,army.mil,Department of Defense,Army,Executive,2026-06-25T15:32:34.230Z,False,JECOP,
jrat.safety.army.mil,jrat.safety.army.mil,army.mil,https://jrat.safety.army.mil/login.aspx,jrat.safety.army.mil,army.mil,Department of Defense,Army,Executive,2026-06-25T15:44:13.549Z,False,Login Process,
juniorofficer.army.mil,juniorofficer.army.mil,army.mil,https://juniorofficer.army.mil/,juniorofficer.army.mil,army.mil,Department of Defense,Army,Executive,2026-06-25T15:32:50.235Z,False,CJO Home - Center for Junior Officers,"Inspiring and developing junior officers through innovative, research-based approach. The Center for Junior Officers leads the Army in creating and modeling the delivery of high-quality content that maximizes human potential in Army junior officers. Through our focus on human-centered leader development research, publications, and events, we pursue the Center's vision of helping create a generation of Army junior officers who are inspired to lead more effectively."
lms.mwr.army.mil,lms.mwr.army.mil,army.mil,https://lms.mwr.army.mil/idserv/login/login?signin=ef0aae17ea28196a9c1a10f45416e335,lms.mwr.army.mil,army.mil,Department of Defense,Army,Executive,2026-06-25T15:44:22.779Z,False,Login,
lre-wm.usace.army.mil,lre-wm.usace.army.mil,army.mil,https://lre-wm.usace.army.mil/,lre-wm.usace.army.mil,army.mil,Department of Defense,Army,Executive,2026-06-25T15:31:14.024Z,False,U.S. Army Corps of Engineers,Home Page of USACE
madsciblog.t2com.army.mil,madsciblog.t2com.army.mil,army.mil,https://madsciblog.t2com.army.mil/,madsciblog.t2com.army.mil,army.mil,Department of Defense,Army,Executive,2026-06-25T15:44:32.521Z,False,Mad Scientist Laboratory – … Exploring the Operational Environment,
medcoe.army.mil,medcoe.army.mil,army.mil,https://medcoe.army.mil/,medcoe.army.mil,army.mil,Department of Defense,Army,Executive,2026-06-25T15:38:45.801Z,True,Home | U.S. Army Medical Center of Excellence,"U.S. Army Medical Center of Excellence, JBSA Ft. Sam Houston, Texas"
myarmybenefits.us.army.mil,myarmybenefits.us.army.mil,army.mil,https://myarmybenefits.us.army.mil/,myarmybenefits.us.army.mil,army.mil,Department of Defense,Army,Executive,2026-06-25T15:40:11.165Z,False,MyArmyBenefits | The Official Army Benefits Website,MyArmyBenefits is the Official Military Benefits Website for the U.S. Army and contains over 180 fact sheets with information on benefit eligibility and highlights plus calculators that forecast military retirement benefits and estimate survivor and survivor education benefits.
navigation.usace.army.mil,navigation.usace.army.mil,army.mil,https://navigation.usace.army.mil/,navigation.usace.army.mil,army.mil,Department of Defense,Army,Executive,2026-06-25T15:44:34.045Z,False,USACE Navigation Website,USACE Navigation Website
ndclibrary.sec.usace.army.mil,ndclibrary.sec.usace.army.mil,army.mil,https://ndclibrary.sec.usace.army.mil/,ndclibrary.sec.usace.army.mil,army.mil,Department of Defense,Army,Executive,2026-06-25T15:40:07.263Z,False,Navigation and Civil Works Decision Support (NDC) Library,
odin.t2com.army.mil,odin.t2com.army.mil,army.mil,https://odin.t2com.army.mil/,odin.t2com.army.mil,army.mil,Department of Defense,Army,Executive,2026-06-25T15:46:15.659Z,False,ODIN - OE Data Integration Network,
oe.t2com.army.mil,oe.t2com.army.mil,army.mil,https://oe.t2com.army.mil/,oe.t2com.army.mil,army.mil,Department of Defense,Army,Executive,2026-06-25T15:41:26.237Z,False,T2COM G2 | Operational Environment Enterprise | T2COM G2 Operational Environment Enterprise,Explore the Operational Environment Enterprise for key insights and strategies. Enhance your understanding now!
pass.aie.army.mil,pass.aie.army.mil,army.mil,https://pass.aie.army.mil/steps/branch_selection,pass.aie.army.mil,army.mil,Department of Defense,Army,Executive,2026-06-25T15:48:15.972Z,False,Pre-Registration | Gvt.US,
peoacwa.army.mil,peoacwa.army.mil,army.mil,https://peoacwa.army.mil/,peoacwa.army.mil,army.mil,Department of Defense,Army,Executive,2026-06-25T15:48:20.691Z,False,"PEO ACWA: Program Executive Office, Assembled Chemical Weapons Alternatives",A Partnership for Safe Chemical Weapons Destruction
permits.ops.usace.army.mil,permits.ops.usace.army.mil,army.mil,https://permits.ops.usace.army.mil/orm-public,permits.ops.usace.army.mil,army.mil,Department of Defense,Army,Executive,2026-06-25T15:49:36.798Z,False,USACE Regulatory and Section 408 Publicly Available Data,
pia.army.mil,pia.army.mil,army.mil,https://pia.army.mil/,pia.army.mil,army.mil,Department of Defense,Army,Executive,2026-06-25T15:43:10.957Z,True,Army Privacy Impact Assessments,
portal.chra.army.mil,portal.chra.army.mil,army.mil,https://portal.chra.army.mil/hr_public,portal.chra.army.mil,army.mil,Department of Defense,Army,Executive,2026-06-25T15:35:24.215Z,False,Public CHRA Portal - CHRA Portal,
resreg.spl.usace.army.mil,resreg.spl.usace.army.mil,army.mil,https://resreg.spl.usace.army.mil/,resreg.spl.usace.army.mil,army.mil,Department of Defense,Army,Executive,2026-06-25T15:46:36.713Z,False,USACE - Reservoir Regulation,usace reservoir regulations
safetynet.safety.army.mil,safetynet.safety.army.mil,army.mil,https://safetynet.safety.army.mil/CAC-Login?returnurl=%2f,safetynet.safety.army.mil,army.mil,Department of Defense,Army,Executive,2026-06-25T15:46:56.445Z,False,Login to SafetyNet,
soldiersolutions.swf.army.mil,soldiersolutions.swf.army.mil,army.mil,https://soldiersolutions.swf.army.mil/,soldiersolutions.swf.army.mil,army.mil,Department of Defense,Army,Executive,2026-06-25T15:49:00.101Z,False,Army Software Factory,Army Software Factory problem submission and application intake portal. By Soldiers. For Soldiers. Submit your Army Problems here.
water.usace.army.mil,water.usace.army.mil,army.mil,https://water.usace.army.mil/,water.usace.army.mil,army.mil,Department of Defense,Army,Executive,2026-06-25T15:48:32.704Z,False,A2W - Water Data - U.S. Army Corps of Engineers,"Explore comprehensive data on water management, resources, and       quality with our interactive platform. Easily map and visualize key       infrastructure, including dams, rivers, streamgages, and other critical       sites managed by the United States Army Corps of Engineers. Access       detailed insights and stay informed about essential water data across       the United States."
baumholder.armymwr.com,baumholder.armymwr.com,armymwr.com,https://baumholder.armymwr.com/,baumholder.armymwr.com,armymwr.com,,,Executive,2026-06-25T15:48:40.746Z,False,Baumholder - US Army MWR,
bluegrass.armymwr.com,bluegrass.armymwr.com,armymwr.com,https://bluegrass.armymwr.com/,bluegrass.armymwr.com,armymwr.com,,,Executive,2026-06-25T15:48:37.534Z,False,Blue Grass Army Depot - US Army MWR,
casey.armymwr.com,casey.armymwr.com,armymwr.com,https://casey.armymwr.com/,casey.armymwr.com,armymwr.com,,,Executive,2026-06-25T15:48:42.769Z,False,Casey :: Camp Casey :: US Army MWR,
detroit.armymwr.com,detroit.armymwr.com,armymwr.com,https://detroit.armymwr.com/,detroit.armymwr.com,armymwr.com,,,Executive,2026-06-25T15:48:50.073Z,False,Detroit - US Army MWR,
dugway.armymwr.com,dugway.armymwr.com,armymwr.com,https://dugway.armymwr.com/,dugway.armymwr.com,armymwr.com,,,Executive,2026-06-25T15:47:15.479Z,False,Dugway Proving Ground - US Army MWR,
greely.armymwr.com,greely.armymwr.com,armymwr.com,https://greely.armymwr.com/,greely.armymwr.com,armymwr.com,,,Executive,2026-06-25T15:48:50.155Z,False,Ft. Greely - US Army MWR,
hohenfels.armymwr.com,hohenfels.armymwr.com,armymwr.com,https://hohenfels.armymwr.com/,hohenfels.armymwr.com,armymwr.com,,,Executive,2026-06-25T15:47:20.286Z,False,Hohenfels - US Army MWR,
irwin.armymwr.com,irwin.armymwr.com,armymwr.com,https://irwin.armymwr.com/,irwin.armymwr.com,armymwr.com,,,Executive,2026-06-25T15:47:18.835Z,False,Ft. Irwin - US Army MWR,
kaiserslautern.armymwr.com,kaiserslautern.armymwr.com,armymwr.com,https://kaiserslautern.armymwr.com/,kaiserslautern.armymwr.com,armymwr.com,,,Executive,2026-06-25T15:47:19.434Z,False,Kaiserslautern - US Army MWR,
leavenworth.armymwr.com,leavenworth.armymwr.com,armymwr.com,https://leavenworth.armymwr.com/,leavenworth.armymwr.com,armymwr.com,,,Executive,2026-06-25T15:47:17.951Z,False,Ft. Leavenworth - US Army MWR,
parks.armymwr.com,parks.armymwr.com,armymwr.com,https://parks.armymwr.com/,parks.armymwr.com,armymwr.com,,,Executive,2026-06-25T15:47:27.835Z,False,Camp Parks - US Army MWR,"Camp Parks U.S. Army Family and Morale, Welfare and Recreation (Army MWR)"
sotocano.armymwr.com,sotocano.armymwr.com,armymwr.com,https://sotocano.armymwr.com/,sotocano.armymwr.com,armymwr.com,,,Executive,2026-06-25T15:48:55.216Z,False,Soto Cano - US Army MWR,
tobyhanna.armymwr.com,tobyhanna.armymwr.com,armymwr.com,https://tobyhanna.armymwr.com/,tobyhanna.armymwr.com,armymwr.com,,,Executive,2026-06-25T15:47:28.429Z,False,Tobyhanna - US Army MWR,
training.armymwr.com,training.armymwr.com,armymwr.com,https://training.armymwr.com/,training.armymwr.com,armymwr.com,,,Executive,2026-06-25T15:48:55.036Z,False,Training :: Training :: US Army MWR,Training installation
wiesbaden.armymwr.com,wiesbaden.armymwr.com,armymwr.com,https://wiesbaden.armymwr.com/,wiesbaden.armymwr.com,armymwr.com,,,Executive,2026-06-25T15:49:11.781Z,False,"Wiesbaden US Army MWR | Community, Recreation and Family Services","Official site for Wiesbaden Army MWR--your hub for Army community services, recreation, child & youth program, fitness, housing, employment and much more."
npgsweb.ars-grin.gov,npgsweb.ars-grin.gov,ars-grin.gov,https://npgsweb.ars-grin.gov/gringlobal/search,npgsweb.ars-grin.gov,ars-grin.gov,Department of Agriculture,Agricultural Research Service,Executive,2026-06-25T15:47:33.912Z,False,Search Accessions GRIN-Global,
refermyappraisalcomplaint.asc.gov,refermyappraisalcomplaint.asc.gov,asc.gov,https://refermyappraisalcomplaint.asc.gov/,refermyappraisalcomplaint.asc.gov,asc.gov,Appraisal Subcommittee of the Federal Financial Institutions Examination Council,,Executive,2026-06-25T15:47:56.163Z,False,Homepage | Hotline,
etrace.atf.gov,etrace.atf.gov,atf.gov,https://etrace.atf.gov/,etrace.atf.gov,atf.gov,Department of Justice,"Bureau of Alcohol, Tobacco, Firearms, and Explosives",Executive,2026-06-25T15:49:12.887Z,False,Etrace,
nesstest.atf.gov,nesstest.atf.gov,atf.gov,https://nesstest.atf.gov/login,nesstest.atf.gov,atf.gov,Department of Justice,"Bureau of Alcohol, Tobacco, Firearms, and Explosives",Executive,2026-06-25T15:47:43.004Z,False,NIBIN Enforcement Support System,undefinedLogin page
fdx.banknet.gov,fdx.banknet.gov,banknet.gov,https://fdx.banknet.gov/,fdx.banknet.gov,banknet.gov,Department of the Treasury,Office of the Comptroller of the Currency,Executive,2026-06-25T15:49:11.578Z,False,Comptroller of the Currency,
2016.bbg.gov,2016.bbg.gov,bbg.gov,https://2016.bbg.gov/,2016.bbg.gov,bbg.gov,United States Agency for Global Media,,Executive,2026-06-25T15:47:49.047Z,False,2016 Annual Report – BBG 2016 annual report,
itims.bia.gov,itims.bia.gov,bia.gov,https://itims.bia.gov/,itims.bia.gov,bia.gov,Department of the Interior,Bureau of Indian Affairs,Executive,2026-06-25T15:48:02.539Z,False,ITIMS,
snapr.bis.gov,snapr.bis.gov,bis.gov,https://snapr.bis.gov/,snapr.bis.gov,bis.gov,Department of Commerce,Bureau of Industry and Security,Executive,2026-06-25T15:48:06.628Z,True,SNAP-R,"SNAP-R allows users to submit and track export license applications, commodity classification requests, reexport license applications, and license exception agricultural commodity (AGR) notifications online."
glorecords.blm.gov,glorecords.blm.gov,blm.gov,https://glorecords.blm.gov/,glorecords.blm.gov,blm.gov,Department of the Interior,Bureau of Land Management,Executive,2026-06-25T15:49:23.927Z,False,Home - BLM GLO Records,
phd.blm.gov,phd.blm.gov,blm.gov,https://phd.blm.gov/,phd.blm.gov,blm.gov,Department of the Interior,Bureau of Land Management,Executive,2026-06-25T15:49:32.154Z,False,Create Ticket | BLM Public Help Desk,
smart.blm.gov,smart.blm.gov,blm.gov,https://smart.blm.gov/,smart.blm.gov,blm.gov,Department of the Interior,Bureau of Land Management,Executive,2026-06-25T15:49:22.598Z,False,,
xd.gov,xd.gov,xd.gov,https://xd.gov/,xd.gov,xd.gov,Department of Commerce,Bureau of the Census,Executive,2026-06-24T00:38:13.864Z,True,xD - U.S. Census Bureau | Home,xD is an emerging technologies group that’s advancing the delivery of data-driven services through new and transformative technologies.
youth.gov,youth.gov,youth.gov,https://youth.gov/,youth.gov,youth.gov,Department of Health and Human Services,"Assistant Secretary for Planning and Evaluation, Office of the Secretary",Executive,2026-06-24T00:38:17.488Z,False,Home | Youth.gov,
